[2025-07-21 08:45:22,083][__main__][INFO] - Load dataset ...
[2025-07-21 08:45:22,451][__main__][INFO] - No existing model, starting training from scratch...
[2025-07-21 08:50:11,465][__main__][INFO] - Load dataset ...
[2025-07-21 08:50:11,746][__main__][INFO] - No existing model, starting training from scratch...
[2025-07-21 08:50:49,390][__main__][INFO] - Start training...
[2025-07-21 08:50:49,422][__main__][INFO] - Epoch 1 (1/500):
[2025-07-21 08:57:29,271][__main__][INFO] - Train Instance Accuracy: 0.039468
[2025-07-21 08:58:52,040][__main__][INFO] - Generating and logging confusion matrix...
[2025-07-21 08:58:53,377][__main__][INFO] - Save model...
[2025-07-21 08:58:53,397][__main__][INFO] - Test Instance Accuracy: 0.027823, Class Accuracy: 0.038430
[2025-07-21 08:58:53,413][__main__][INFO] - Best Instance Accuracy: 0.027823, Class Accuracy: 0.038430
[2025-07-21 08:58:53,414][__main__][INFO] - Save model...
[2025-07-21 08:58:53,414][__main__][INFO] - Saving at best_model.pth
[2025-07-21 08:58:53,574][__main__][INFO] - Epoch 2 (2/500):
[2025-07-21 09:05:01,971][__main__][INFO] - Train Instance Accuracy: 0.030946
[2025-07-21 09:06:18,094][__main__][INFO] - Generating and logging confusion matrix...
[2025-07-21 09:06:19,337][__main__][INFO] - Save model...
[2025-07-21 09:06:19,345][__main__][INFO] - Test Instance Accuracy: 0.037097, Class Accuracy: 0.053867
[2025-07-21 09:06:19,361][__main__][INFO] - Best Instance Accuracy: 0.037097, Class Accuracy: 0.053867
[2025-07-21 09:06:19,361][__main__][INFO] - Save model...
[2025-07-21 09:06:19,361][__main__][INFO] - Saving at best_model.pth
[2025-07-21 09:06:19,704][__main__][INFO] - Epoch 3 (3/500):
[2025-07-21 09:12:31,530][__main__][INFO] - Train Instance Accuracy: 0.051644
[2025-07-21 09:13:51,796][__main__][INFO] - Generating and logging confusion matrix...
[2025-07-21 09:13:53,116][__main__][INFO] - Save model...
[2025-07-21 09:13:53,146][__main__][INFO] - Test Instance Accuracy: 0.045968, Class Accuracy: 0.034106
[2025-07-21 09:13:53,151][__main__][INFO] - Best Instance Accuracy: 0.045968, Class Accuracy: 0.053867
[2025-07-21 09:13:53,152][__main__][INFO] - Save model...
[2025-07-21 09:13:53,152][__main__][INFO] - Saving at best_model.pth
[2025-07-21 09:13:53,441][__main__][INFO] - Epoch 4 (4/500):
[2025-07-21 09:20:07,642][__main__][INFO] - Train Instance Accuracy: 0.045252
[2025-07-21 09:21:26,976][__main__][INFO] - Generating and logging confusion matrix...
[2025-07-21 09:21:28,248][__main__][INFO] - Save model...
[2025-07-21 09:21:28,266][__main__][INFO] - Test Instance Accuracy: 0.074597, Class Accuracy: 0.069882
[2025-07-21 09:21:28,282][__main__][INFO] - Best Instance Accuracy: 0.074597, Class Accuracy: 0.069882
[2025-07-21 09:21:28,286][__main__][INFO] - Save model...
[2025-07-21 09:21:28,286][__main__][INFO] - Saving at best_model.pth
[2025-07-21 09:21:28,409][__main__][INFO] - Epoch 5 (5/500):
[2025-07-21 09:27:52,944][__main__][INFO] - Train Instance Accuracy: 0.041092
[2025-07-21 09:29:12,077][__main__][INFO] - Test Instance Accuracy: 0.050000, Class Accuracy: 0.036399
[2025-07-21 09:29:12,077][__main__][INFO] - Best Instance Accuracy: 0.074597, Class Accuracy: 0.069882
[2025-07-21 09:29:12,077][__main__][INFO] - Epoch 6 (6/500):
[2025-07-21 09:35:31,488][__main__][INFO] - Train Instance Accuracy: 0.047484
[2025-07-21 09:36:59,983][__main__][INFO] - Generating and logging confusion matrix...
[2025-07-21 09:37:01,594][__main__][INFO] - Save model...
[2025-07-21 09:37:01,611][__main__][INFO] - Test Instance Accuracy: 0.121774, Class Accuracy: 0.083244
[2025-07-21 09:37:01,611][__main__][INFO] - Best Instance Accuracy: 0.121774, Class Accuracy: 0.083244
[2025-07-21 09:37:01,611][__main__][INFO] - Save model...
[2025-07-21 09:37:01,611][__main__][INFO] - Saving at best_model.pth
[2025-07-21 09:37:01,977][__main__][INFO] - Epoch 7 (7/500):
[2025-07-21 09:43:46,892][__main__][INFO] - Train Instance Accuracy: 0.042715
[2025-07-21 09:45:16,742][__main__][INFO] - Test Instance Accuracy: 0.029435, Class Accuracy: 0.047567
[2025-07-21 09:45:16,742][__main__][INFO] - Best Instance Accuracy: 0.121774, Class Accuracy: 0.083244
[2025-07-21 09:45:16,742][__main__][INFO] - Epoch 8 (8/500):
[2025-07-21 09:51:33,748][__main__][INFO] - Train Instance Accuracy: 0.030641
[2025-07-21 09:52:52,779][__main__][INFO] - Test Instance Accuracy: 0.048387, Class Accuracy: 0.056229
[2025-07-21 09:52:52,779][__main__][INFO] - Best Instance Accuracy: 0.121774, Class Accuracy: 0.083244
[2025-07-21 09:52:52,779][__main__][INFO] - Epoch 9 (9/500):
[2025-07-21 09:59:28,176][__main__][INFO] - Train Instance Accuracy: 0.038657
[2025-07-21 10:00:54,192][__main__][INFO] - Test Instance Accuracy: 0.068952, Class Accuracy: 0.080210
[2025-07-21 10:00:54,192][__main__][INFO] - Best Instance Accuracy: 0.121774, Class Accuracy: 0.083244
[2025-07-21 10:00:54,192][__main__][INFO] - Epoch 10 (10/500):
[2025-07-21 10:07:49,031][__main__][INFO] - Train Instance Accuracy: 0.043425
[2025-07-21 10:09:20,956][__main__][INFO] - Test Instance Accuracy: 0.039919, Class Accuracy: 0.065007
[2025-07-21 10:09:20,956][__main__][INFO] - Best Instance Accuracy: 0.121774, Class Accuracy: 0.083244
[2025-07-21 10:09:20,957][__main__][INFO] - Epoch 11 (11/500):
[2025-07-21 10:16:05,559][__main__][INFO] - Train Instance Accuracy: 0.051339
[2025-07-21 10:17:30,781][__main__][INFO] - Test Instance Accuracy: 0.060484, Class Accuracy: 0.105984
[2025-07-21 10:17:30,782][__main__][INFO] - Best Instance Accuracy: 0.121774, Class Accuracy: 0.105984
[2025-07-21 10:17:30,782][__main__][INFO] - Epoch 12 (12/500):
[2025-07-21 10:24:12,390][__main__][INFO] - Train Instance Accuracy: 0.058036
[2025-07-21 10:25:34,926][__main__][INFO] - Test Instance Accuracy: 0.070161, Class Accuracy: 0.095081
[2025-07-21 10:25:34,926][__main__][INFO] - Best Instance Accuracy: 0.121774, Class Accuracy: 0.105984
[2025-07-21 10:25:34,926][__main__][INFO] - Epoch 13 (13/500):
[2025-07-21 10:32:04,496][__main__][INFO] - Train Instance Accuracy: 0.041092
[2025-07-21 10:33:28,948][__main__][INFO] - Test Instance Accuracy: 0.039919, Class Accuracy: 0.038399
[2025-07-21 10:33:28,949][__main__][INFO] - Best Instance Accuracy: 0.121774, Class Accuracy: 0.105984
[2025-07-21 10:33:28,949][__main__][INFO] - Epoch 14 (14/500):
[2025-07-21 10:39:51,720][__main__][INFO] - Train Instance Accuracy: 0.044136
[2025-07-21 10:41:10,058][__main__][INFO] - Test Instance Accuracy: 0.075806, Class Accuracy: 0.070872
[2025-07-21 10:41:10,058][__main__][INFO] - Best Instance Accuracy: 0.121774, Class Accuracy: 0.105984
[2025-07-21 10:41:10,059][__main__][INFO] - Epoch 15 (15/500):
[2025-07-21 10:47:45,129][__main__][INFO] - Train Instance Accuracy: 0.060268
[2025-07-21 10:49:13,759][__main__][INFO] - Test Instance Accuracy: 0.087097, Class Accuracy: 0.054844
[2025-07-21 10:49:13,759][__main__][INFO] - Best Instance Accuracy: 0.121774, Class Accuracy: 0.105984
[2025-07-21 10:49:13,759][__main__][INFO] - Epoch 16 (16/500):
[2025-07-21 10:56:09,596][__main__][INFO] - Train Instance Accuracy: 0.076907
[2025-07-21 10:57:38,250][__main__][INFO] - Test Instance Accuracy: 0.095968, Class Accuracy: 0.075233
[2025-07-21 10:57:38,250][__main__][INFO] - Best Instance Accuracy: 0.121774, Class Accuracy: 0.105984
[2025-07-21 10:57:38,250][__main__][INFO] - Epoch 17 (17/500):
[2025-07-21 11:04:31,208][__main__][INFO] - Train Instance Accuracy: 0.083198
[2025-07-21 11:05:58,232][__main__][INFO] - Test Instance Accuracy: 0.068548, Class Accuracy: 0.072286
[2025-07-21 11:05:58,232][__main__][INFO] - Best Instance Accuracy: 0.121774, Class Accuracy: 0.105984
[2025-07-21 11:05:58,232][__main__][INFO] - Epoch 18 (18/500):
[2025-07-21 11:13:01,313][__main__][INFO] - Train Instance Accuracy: 0.056108
[2025-07-21 11:14:26,395][__main__][INFO] - Test Instance Accuracy: 0.100000, Class Accuracy: 0.086595
[2025-07-21 11:14:26,395][__main__][INFO] - Best Instance Accuracy: 0.121774, Class Accuracy: 0.105984
[2025-07-21 11:14:26,396][__main__][INFO] - Epoch 19 (19/500):
[2025-07-21 11:20:50,795][__main__][INFO] - Train Instance Accuracy: 0.064563
[2025-07-21 11:22:09,054][__main__][INFO] - Test Instance Accuracy: 0.025806, Class Accuracy: 0.049838
[2025-07-21 11:22:09,054][__main__][INFO] - Best Instance Accuracy: 0.121774, Class Accuracy: 0.105984
[2025-07-21 11:22:09,054][__main__][INFO] - Epoch 20 (20/500):
[2025-07-21 11:28:30,282][__main__][INFO] - Train Instance Accuracy: 0.051441
[2025-07-21 11:29:54,637][__main__][INFO] - Test Instance Accuracy: 0.091935, Class Accuracy: 0.075260
[2025-07-21 11:29:54,637][__main__][INFO] - Best Instance Accuracy: 0.121774, Class Accuracy: 0.105984
[2025-07-21 11:29:54,637][__main__][INFO] - Epoch 21 (21/500):
[2025-07-21 11:36:32,332][__main__][INFO] - Train Instance Accuracy: 0.061722
[2025-07-21 11:38:04,279][__main__][INFO] - Test Instance Accuracy: 0.070565, Class Accuracy: 0.051144
[2025-07-21 11:38:04,280][__main__][INFO] - Best Instance Accuracy: 0.121774, Class Accuracy: 0.105984
[2025-07-21 11:38:04,280][__main__][INFO] - Epoch 22 (22/500):
[2025-07-21 11:44:42,533][__main__][INFO] - Train Instance Accuracy: 0.049513
[2025-07-21 11:46:06,864][__main__][INFO] - Test Instance Accuracy: 0.043145, Class Accuracy: 0.033542
[2025-07-21 11:46:06,864][__main__][INFO] - Best Instance Accuracy: 0.121774, Class Accuracy: 0.105984
[2025-07-21 11:46:06,864][__main__][INFO] - Epoch 23 (23/500):
[2025-07-21 11:52:40,615][__main__][INFO] - Train Instance Accuracy: 0.061587
[2025-07-21 11:54:00,226][__main__][INFO] - Test Instance Accuracy: 0.085887, Class Accuracy: 0.078164
[2025-07-21 11:54:00,227][__main__][INFO] - Best Instance Accuracy: 0.121774, Class Accuracy: 0.105984
[2025-07-21 11:54:00,227][__main__][INFO] - Epoch 24 (24/500):
[2025-07-21 12:00:35,939][__main__][INFO] - Train Instance Accuracy: 0.073661
[2025-07-21 12:02:01,338][__main__][INFO] - Test Instance Accuracy: 0.044758, Class Accuracy: 0.053082
[2025-07-21 12:02:01,338][__main__][INFO] - Best Instance Accuracy: 0.121774, Class Accuracy: 0.105984
[2025-07-21 12:02:01,338][__main__][INFO] - Epoch 25 (25/500):
[2025-07-21 12:08:31,203][__main__][INFO] - Train Instance Accuracy: 0.088778
[2025-07-21 12:09:54,892][__main__][INFO] - Test Instance Accuracy: 0.014919, Class Accuracy: 0.031786
[2025-07-21 12:09:54,892][__main__][INFO] - Best Instance Accuracy: 0.121774, Class Accuracy: 0.105984
[2025-07-21 12:09:54,893][__main__][INFO] - Epoch 26 (26/500):
[2025-07-21 12:16:30,531][__main__][INFO] - Train Instance Accuracy: 0.096185
[2025-07-21 12:17:58,048][__main__][INFO] - Generating and logging confusion matrix...
[2025-07-21 12:17:59,498][__main__][INFO] - Save model...
[2025-07-21 12:17:59,508][__main__][INFO] - Test Instance Accuracy: 0.126613, Class Accuracy: 0.125711
[2025-07-21 12:17:59,524][__main__][INFO] - Best Instance Accuracy: 0.126613, Class Accuracy: 0.125711
[2025-07-21 12:17:59,535][__main__][INFO] - Save model...
[2025-07-21 12:17:59,535][__main__][INFO] - Saving at best_model.pth
[2025-07-21 12:17:59,795][__main__][INFO] - Epoch 27 (27/500):
[2025-07-21 12:24:50,838][__main__][INFO] - Train Instance Accuracy: 0.119927
[2025-07-21 12:26:11,979][__main__][INFO] - Test Instance Accuracy: 0.102419, Class Accuracy: 0.111982
[2025-07-21 12:26:11,979][__main__][INFO] - Best Instance Accuracy: 0.126613, Class Accuracy: 0.125711
[2025-07-21 12:26:11,979][__main__][INFO] - Epoch 28 (28/500):
[2025-07-21 12:33:15,891][__main__][INFO] - Train Instance Accuracy: 0.114854
[2025-07-21 12:34:46,105][__main__][INFO] - Generating and logging confusion matrix...
[2025-07-21 12:34:47,645][__main__][INFO] - Save model...
[2025-07-21 12:34:47,671][__main__][INFO] - Test Instance Accuracy: 0.139113, Class Accuracy: 0.109258
[2025-07-21 12:34:47,684][__main__][INFO] - Best Instance Accuracy: 0.139113, Class Accuracy: 0.125711
[2025-07-21 12:34:47,684][__main__][INFO] - Save model...
[2025-07-21 12:34:47,684][__main__][INFO] - Saving at best_model.pth
[2025-07-21 12:34:48,108][__main__][INFO] - Epoch 29 (29/500):
[2025-07-21 12:41:39,862][__main__][INFO] - Train Instance Accuracy: 0.118811
[2025-07-21 12:43:09,935][__main__][INFO] - Generating and logging confusion matrix...
[2025-07-21 12:43:11,363][__main__][INFO] - Save model...
[2025-07-21 12:43:11,383][__main__][INFO] - Test Instance Accuracy: 0.162500, Class Accuracy: 0.139745
[2025-07-21 12:43:11,401][__main__][INFO] - Best Instance Accuracy: 0.162500, Class Accuracy: 0.139745
[2025-07-21 12:43:11,401][__main__][INFO] - Save model...
[2025-07-21 12:43:11,401][__main__][INFO] - Saving at best_model.pth
[2025-07-21 12:43:11,818][__main__][INFO] - Epoch 30 (30/500):
[2025-07-21 12:49:47,277][__main__][INFO] - Train Instance Accuracy: 0.125338
[2025-07-21 12:51:15,385][__main__][INFO] - Test Instance Accuracy: 0.123790, Class Accuracy: 0.115855
[2025-07-21 12:51:15,385][__main__][INFO] - Best Instance Accuracy: 0.162500, Class Accuracy: 0.139745
[2025-07-21 12:51:15,386][__main__][INFO] - Epoch 31 (31/500):
[2025-07-21 12:57:51,978][__main__][INFO] - Train Instance Accuracy: 0.128957
[2025-07-21 12:59:20,217][__main__][INFO] - Test Instance Accuracy: 0.100000, Class Accuracy: 0.078344
[2025-07-21 12:59:20,217][__main__][INFO] - Best Instance Accuracy: 0.162500, Class Accuracy: 0.139745
[2025-07-21 12:59:20,217][__main__][INFO] - Epoch 32 (32/500):
[2025-07-21 13:05:52,181][__main__][INFO] - Train Instance Accuracy: 0.148032
[2025-07-21 13:07:18,899][__main__][INFO] - Generating and logging confusion matrix...
[2025-07-21 13:07:20,185][__main__][INFO] - Save model...
[2025-07-21 13:07:20,185][__main__][INFO] - Test Instance Accuracy: 0.209677, Class Accuracy: 0.161498
[2025-07-21 13:07:20,185][__main__][INFO] - Best Instance Accuracy: 0.209677, Class Accuracy: 0.161498
[2025-07-21 13:07:20,185][__main__][INFO] - Save model...
[2025-07-21 13:07:20,185][__main__][INFO] - Saving at best_model.pth
[2025-07-21 13:07:20,532][__main__][INFO] - Epoch 33 (33/500):
[2025-07-21 13:14:12,604][__main__][INFO] - Train Instance Accuracy: 0.177151
[2025-07-21 13:15:36,176][__main__][INFO] - Generating and logging confusion matrix...
[2025-07-21 13:15:37,654][__main__][INFO] - Save model...
[2025-07-21 13:15:37,669][__main__][INFO] - Test Instance Accuracy: 0.240726, Class Accuracy: 0.211104
[2025-07-21 13:15:37,669][__main__][INFO] - Best Instance Accuracy: 0.240726, Class Accuracy: 0.211104
[2025-07-21 13:15:37,692][__main__][INFO] - Save model...
[2025-07-21 13:15:37,692][__main__][INFO] - Saving at best_model.pth
[2025-07-21 13:15:38,023][__main__][INFO] - Epoch 34 (34/500):
[2025-07-21 13:22:25,687][__main__][INFO] - Train Instance Accuracy: 0.207894
[2025-07-21 13:23:58,799][__main__][INFO] - Test Instance Accuracy: 0.210484, Class Accuracy: 0.167562
[2025-07-21 13:23:58,799][__main__][INFO] - Best Instance Accuracy: 0.240726, Class Accuracy: 0.211104
[2025-07-21 13:23:58,799][__main__][INFO] - Epoch 35 (35/500):
[2025-07-21 13:30:40,886][__main__][INFO] - Train Instance Accuracy: 0.209619
[2025-07-21 13:32:06,188][__main__][INFO] - Test Instance Accuracy: 0.210081, Class Accuracy: 0.197369
[2025-07-21 13:32:06,188][__main__][INFO] - Best Instance Accuracy: 0.240726, Class Accuracy: 0.211104
[2025-07-21 13:32:06,188][__main__][INFO] - Epoch 36 (36/500):
[2025-07-21 13:38:45,487][__main__][INFO] - Train Instance Accuracy: 0.231940
[2025-07-21 13:40:09,695][__main__][INFO] - Generating and logging confusion matrix...
[2025-07-21 13:40:11,038][__main__][INFO] - Save model...
[2025-07-21 13:40:11,048][__main__][INFO] - Test Instance Accuracy: 0.292742, Class Accuracy: 0.255745
[2025-07-21 13:40:11,076][__main__][INFO] - Best Instance Accuracy: 0.292742, Class Accuracy: 0.255745
[2025-07-21 13:40:11,076][__main__][INFO] - Save model...
[2025-07-21 13:40:11,076][__main__][INFO] - Saving at best_model.pth
[2025-07-21 13:40:11,491][__main__][INFO] - Epoch 37 (37/500):
[2025-07-21 13:46:49,824][__main__][INFO] - Train Instance Accuracy: 0.241173
[2025-07-21 13:48:14,936][__main__][INFO] - Test Instance Accuracy: 0.273387, Class Accuracy: 0.258639
[2025-07-21 13:48:14,937][__main__][INFO] - Best Instance Accuracy: 0.292742, Class Accuracy: 0.258639
[2025-07-21 13:48:14,937][__main__][INFO] - Epoch 38 (38/500):
[2025-07-21 13:54:40,729][__main__][INFO] - Train Instance Accuracy: 0.223722
[2025-07-21 13:56:01,385][__main__][INFO] - Generating and logging confusion matrix...
[2025-07-21 13:56:02,616][__main__][INFO] - Save model...
[2025-07-21 13:56:02,622][__main__][INFO] - Test Instance Accuracy: 0.299597, Class Accuracy: 0.251477
[2025-07-21 13:56:02,622][__main__][INFO] - Best Instance Accuracy: 0.299597, Class Accuracy: 0.258639
[2025-07-21 13:56:02,622][__main__][INFO] - Save model...
[2025-07-21 13:56:02,622][__main__][INFO] - Saving at best_model.pth
[2025-07-21 13:56:02,841][__main__][INFO] - Epoch 39 (39/500):
[2025-07-21 14:02:24,278][__main__][INFO] - Train Instance Accuracy: 0.249797
[2025-07-21 14:03:50,556][__main__][INFO] - Generating and logging confusion matrix...
[2025-07-21 14:03:52,193][__main__][INFO] - Save model...
[2025-07-21 14:03:52,225][__main__][INFO] - Test Instance Accuracy: 0.363710, Class Accuracy: 0.345856
[2025-07-21 14:03:52,225][__main__][INFO] - Best Instance Accuracy: 0.363710, Class Accuracy: 0.345856
[2025-07-21 14:03:52,225][__main__][INFO] - Save model...
[2025-07-21 14:03:52,230][__main__][INFO] - Saving at best_model.pth
[2025-07-21 14:03:52,572][__main__][INFO] - Epoch 40 (40/500):
[2025-07-21 14:10:19,307][__main__][INFO] - Train Instance Accuracy: 0.249391
[2025-07-21 14:11:40,876][__main__][INFO] - Test Instance Accuracy: 0.355645, Class Accuracy: 0.307481
[2025-07-21 14:11:40,876][__main__][INFO] - Best Instance Accuracy: 0.363710, Class Accuracy: 0.345856
[2025-07-21 14:11:40,877][__main__][INFO] - Epoch 41 (41/500):
[2025-07-21 14:18:34,989][__main__][INFO] - Train Instance Accuracy: 0.266741
[2025-07-21 14:20:02,737][__main__][INFO] - Test Instance Accuracy: 0.336290, Class Accuracy: 0.306578
[2025-07-21 14:20:02,738][__main__][INFO] - Best Instance Accuracy: 0.363710, Class Accuracy: 0.345856
[2025-07-21 14:20:02,738][__main__][INFO] - Epoch 42 (42/500):
[2025-07-21 14:26:37,618][__main__][INFO] - Train Instance Accuracy: 0.273032
[2025-07-21 14:28:00,299][__main__][INFO] - Test Instance Accuracy: 0.356048, Class Accuracy: 0.323601
[2025-07-21 14:28:00,299][__main__][INFO] - Best Instance Accuracy: 0.363710, Class Accuracy: 0.345856
[2025-07-21 14:28:00,299][__main__][INFO] - Epoch 43 (43/500):
[2025-07-21 14:34:24,007][__main__][INFO] - Train Instance Accuracy: 0.278037
[2025-07-21 14:35:45,447][__main__][INFO] - Test Instance Accuracy: 0.351210, Class Accuracy: 0.342968
[2025-07-21 14:35:45,447][__main__][INFO] - Best Instance Accuracy: 0.363710, Class Accuracy: 0.345856
[2025-07-21 14:35:45,447][__main__][INFO] - Epoch 44 (44/500):
[2025-07-21 14:42:14,779][__main__][INFO] - Train Instance Accuracy: 0.292005
[2025-07-21 14:43:36,882][__main__][INFO] - Test Instance Accuracy: 0.347581, Class Accuracy: 0.328469
[2025-07-21 14:43:36,882][__main__][INFO] - Best Instance Accuracy: 0.363710, Class Accuracy: 0.345856
[2025-07-21 14:43:36,882][__main__][INFO] - Epoch 45 (45/500):
[2025-07-21 14:50:20,710][__main__][INFO] - Train Instance Accuracy: 0.272220
[2025-07-21 14:51:41,333][__main__][INFO] - Test Instance Accuracy: 0.334677, Class Accuracy: 0.291605
[2025-07-21 14:51:41,333][__main__][INFO] - Best Instance Accuracy: 0.363710, Class Accuracy: 0.345856
[2025-07-21 14:51:41,333][__main__][INFO] - Epoch 46 (46/500):
[2025-07-21 14:58:14,343][__main__][INFO] - Train Instance Accuracy: 0.271442
[2025-07-21 14:59:29,663][__main__][INFO] - Generating and logging confusion matrix...
[2025-07-21 14:59:30,973][__main__][INFO] - Save model...
[2025-07-21 14:59:30,981][__main__][INFO] - Test Instance Accuracy: 0.396774, Class Accuracy: 0.373771
[2025-07-21 14:59:31,009][__main__][INFO] - Best Instance Accuracy: 0.396774, Class Accuracy: 0.373771
[2025-07-21 14:59:31,009][__main__][INFO] - Save model...
[2025-07-21 14:59:31,009][__main__][INFO] - Saving at best_model.pth
[2025-07-21 14:59:31,257][__main__][INFO] - Epoch 47 (47/500):
[2025-07-21 15:05:46,252][__main__][INFO] - Train Instance Accuracy: 0.309659
[2025-07-21 15:07:06,165][__main__][INFO] - Generating and logging confusion matrix...
[2025-07-21 15:07:07,507][__main__][INFO] - Save model...
[2025-07-21 15:07:07,516][__main__][INFO] - Test Instance Accuracy: 0.402016, Class Accuracy: 0.359981
[2025-07-21 15:07:07,516][__main__][INFO] - Best Instance Accuracy: 0.402016, Class Accuracy: 0.373771
[2025-07-21 15:07:07,516][__main__][INFO] - Save model...
[2025-07-21 15:07:07,516][__main__][INFO] - Saving at best_model.pth
[2025-07-21 15:07:07,800][__main__][INFO] - Epoch 48 (48/500):
[2025-07-21 15:13:38,488][__main__][INFO] - Train Instance Accuracy: 0.310809
[2025-07-21 15:14:59,374][__main__][INFO] - Generating and logging confusion matrix...
[2025-07-21 15:15:00,786][__main__][INFO] - Save model...
[2025-07-21 15:15:00,797][__main__][INFO] - Test Instance Accuracy: 0.441532, Class Accuracy: 0.415608
[2025-07-21 15:15:00,797][__main__][INFO] - Best Instance Accuracy: 0.441532, Class Accuracy: 0.415608
[2025-07-21 15:15:00,813][__main__][INFO] - Save model...
[2025-07-21 15:15:00,824][__main__][INFO] - Saving at best_model.pth
[2025-07-21 15:15:01,318][__main__][INFO] - Epoch 49 (49/500):
[2025-07-21 15:21:22,977][__main__][INFO] - Train Instance Accuracy: 0.319704
[2025-07-21 15:22:45,845][__main__][INFO] - Test Instance Accuracy: 0.411694, Class Accuracy: 0.369121
[2025-07-21 15:22:45,845][__main__][INFO] - Best Instance Accuracy: 0.441532, Class Accuracy: 0.415608
[2025-07-21 15:22:45,845][__main__][INFO] - Epoch 50 (50/500):
[2025-07-21 15:29:23,153][__main__][INFO] - Train Instance Accuracy: 0.343344
[2025-07-21 15:30:58,084][__main__][INFO] - Generating and logging confusion matrix...
[2025-07-21 15:30:59,531][__main__][INFO] - Save model...
[2025-07-21 15:30:59,542][__main__][INFO] - Test Instance Accuracy: 0.480242, Class Accuracy: 0.446906
[2025-07-21 15:30:59,569][__main__][INFO] - Best Instance Accuracy: 0.480242, Class Accuracy: 0.446906
[2025-07-21 15:30:59,569][__main__][INFO] - Save model...
[2025-07-21 15:30:59,569][__main__][INFO] - Saving at best_model.pth
[2025-07-21 15:30:59,852][__main__][INFO] - Epoch 51 (51/500):
[2025-07-21 15:38:01,532][__main__][INFO] - Train Instance Accuracy: 0.372294
[2025-07-21 15:39:32,085][__main__][INFO] - Generating and logging confusion matrix...
[2025-07-21 15:39:33,737][__main__][INFO] - Save model...
[2025-07-21 15:39:33,745][__main__][INFO] - Test Instance Accuracy: 0.481855, Class Accuracy: 0.451294
[2025-07-21 15:39:33,745][__main__][INFO] - Best Instance Accuracy: 0.481855, Class Accuracy: 0.451294
[2025-07-21 15:39:33,761][__main__][INFO] - Save model...
[2025-07-21 15:39:33,772][__main__][INFO] - Saving at best_model.pth
[2025-07-21 15:39:34,128][__main__][INFO] - Epoch 52 (52/500):
[2025-07-21 15:46:40,812][__main__][INFO] - Train Instance Accuracy: 0.380141
[2025-07-21 15:48:03,152][__main__][INFO] - Generating and logging confusion matrix...
[2025-07-21 15:48:04,386][__main__][INFO] - Save model...
[2025-07-21 15:48:04,397][__main__][INFO] - Test Instance Accuracy: 0.499597, Class Accuracy: 0.477350
[2025-07-21 15:48:04,397][__main__][INFO] - Best Instance Accuracy: 0.499597, Class Accuracy: 0.477350
[2025-07-21 15:48:04,397][__main__][INFO] - Save model...
[2025-07-21 15:48:04,397][__main__][INFO] - Saving at best_model.pth
[2025-07-21 15:48:04,688][__main__][INFO] - Epoch 53 (53/500):
[2025-07-21 15:54:28,796][__main__][INFO] - Train Instance Accuracy: 0.391741
[2025-07-21 15:55:57,089][__main__][INFO] - Generating and logging confusion matrix...
[2025-07-21 15:55:58,659][__main__][INFO] - Save model...
[2025-07-21 15:55:58,668][__main__][INFO] - Test Instance Accuracy: 0.500000, Class Accuracy: 0.460734
[2025-07-21 15:55:58,668][__main__][INFO] - Best Instance Accuracy: 0.500000, Class Accuracy: 0.477350
[2025-07-21 15:55:58,668][__main__][INFO] - Save model...
[2025-07-21 15:55:58,668][__main__][INFO] - Saving at best_model.pth
[2025-07-21 15:55:59,069][__main__][INFO] - Epoch 54 (54/500):
[2025-07-21 16:02:41,203][__main__][INFO] - Train Instance Accuracy: 0.383455
[2025-07-21 16:04:07,933][__main__][INFO] - Test Instance Accuracy: 0.494758, Class Accuracy: 0.477859
[2025-07-21 16:04:07,933][__main__][INFO] - Best Instance Accuracy: 0.500000, Class Accuracy: 0.477859
[2025-07-21 16:04:07,933][__main__][INFO] - Epoch 55 (55/500):
[2025-07-21 16:10:33,419][__main__][INFO] - Train Instance Accuracy: 0.394988
[2025-07-21 16:11:53,716][__main__][INFO] - Generating and logging confusion matrix...
[2025-07-21 16:11:55,061][__main__][INFO] - Save model...
[2025-07-21 16:11:55,067][__main__][INFO] - Test Instance Accuracy: 0.525806, Class Accuracy: 0.509556
[2025-07-21 16:11:55,067][__main__][INFO] - Best Instance Accuracy: 0.525806, Class Accuracy: 0.509556
[2025-07-21 16:11:55,067][__main__][INFO] - Save model...
[2025-07-21 16:11:55,067][__main__][INFO] - Saving at best_model.pth
[2025-07-21 16:11:55,266][__main__][INFO] - Epoch 56 (56/500):
[2025-07-21 16:18:32,631][__main__][INFO] - Train Instance Accuracy: 0.397524
[2025-07-21 16:19:55,961][__main__][INFO] - Test Instance Accuracy: 0.507661, Class Accuracy: 0.501696
[2025-07-21 16:19:55,961][__main__][INFO] - Best Instance Accuracy: 0.525806, Class Accuracy: 0.509556
[2025-07-21 16:19:55,961][__main__][INFO] - Epoch 57 (57/500):
[2025-07-21 16:26:27,962][__main__][INFO] - Train Instance Accuracy: 0.408245
[2025-07-21 16:27:47,316][__main__][INFO] - Generating and logging confusion matrix...
[2025-07-21 16:27:48,536][__main__][INFO] - Save model...
[2025-07-21 16:27:48,551][__main__][INFO] - Test Instance Accuracy: 0.546774, Class Accuracy: 0.531096
[2025-07-21 16:27:48,573][__main__][INFO] - Best Instance Accuracy: 0.546774, Class Accuracy: 0.531096
[2025-07-21 16:27:48,573][__main__][INFO] - Save model...
[2025-07-21 16:27:48,573][__main__][INFO] - Saving at best_model.pth
[2025-07-21 16:27:48,827][__main__][INFO] - Epoch 58 (58/500):
[2025-07-21 16:34:08,233][__main__][INFO] - Train Instance Accuracy: 0.405743
[2025-07-21 16:35:28,519][__main__][INFO] - Test Instance Accuracy: 0.506855, Class Accuracy: 0.497801
[2025-07-21 16:35:28,519][__main__][INFO] - Best Instance Accuracy: 0.546774, Class Accuracy: 0.531096
[2025-07-21 16:35:28,519][__main__][INFO] - Epoch 59 (59/500):
[2025-07-21 16:41:54,438][__main__][INFO] - Train Instance Accuracy: 0.416633
[2025-07-21 16:43:19,951][__main__][INFO] - Test Instance Accuracy: 0.528226, Class Accuracy: 0.522438
[2025-07-21 16:43:19,951][__main__][INFO] - Best Instance Accuracy: 0.546774, Class Accuracy: 0.531096
[2025-07-21 16:43:19,951][__main__][INFO] - Epoch 60 (60/500):
[2025-07-21 16:49:49,408][__main__][INFO] - Train Instance Accuracy: 0.423329
[2025-07-21 16:51:09,326][__main__][INFO] - Test Instance Accuracy: 0.539516, Class Accuracy: 0.518301
[2025-07-21 16:51:09,326][__main__][INFO] - Best Instance Accuracy: 0.546774, Class Accuracy: 0.531096
[2025-07-21 16:51:09,326][__main__][INFO] - Epoch 61 (61/500):
[2025-07-21 16:57:32,558][__main__][INFO] - Train Instance Accuracy: 0.425325
[2025-07-21 16:58:48,898][__main__][INFO] - Generating and logging confusion matrix...
[2025-07-21 16:58:50,361][__main__][INFO] - Save model...
[2025-07-21 16:58:50,383][__main__][INFO] - Test Instance Accuracy: 0.547177, Class Accuracy: 0.526752
[2025-07-21 16:58:50,398][__main__][INFO] - Best Instance Accuracy: 0.547177, Class Accuracy: 0.531096
[2025-07-21 16:58:50,398][__main__][INFO] - Save model...
[2025-07-21 16:58:50,398][__main__][INFO] - Saving at best_model.pth
[2025-07-21 16:58:50,686][__main__][INFO] - Epoch 62 (62/500):
[2025-07-21 17:05:14,624][__main__][INFO] - Train Instance Accuracy: 0.434591
[2025-07-21 17:06:30,223][__main__][INFO] - Test Instance Accuracy: 0.532661, Class Accuracy: 0.529483
[2025-07-21 17:06:30,223][__main__][INFO] - Best Instance Accuracy: 0.547177, Class Accuracy: 0.531096
[2025-07-21 17:06:30,224][__main__][INFO] - Epoch 63 (63/500):
[2025-07-21 17:13:30,027][__main__][INFO] - Train Instance Accuracy: 0.443013
[2025-07-21 17:14:52,348][__main__][INFO] - Generating and logging confusion matrix...
[2025-07-21 17:14:53,805][__main__][INFO] - Save model...
[2025-07-21 17:14:53,812][__main__][INFO] - Test Instance Accuracy: 0.573387, Class Accuracy: 0.551221
[2025-07-21 17:14:53,812][__main__][INFO] - Best Instance Accuracy: 0.573387, Class Accuracy: 0.551221
[2025-07-21 17:14:53,812][__main__][INFO] - Save model...
[2025-07-21 17:14:53,828][__main__][INFO] - Saving at best_model.pth
[2025-07-21 17:14:54,126][__main__][INFO] - Epoch 64 (64/500):
[2025-07-21 17:21:26,174][__main__][INFO] - Train Instance Accuracy: 0.450216
[2025-07-21 17:22:52,139][__main__][INFO] - Test Instance Accuracy: 0.553629, Class Accuracy: 0.537482
[2025-07-21 17:22:52,139][__main__][INFO] - Best Instance Accuracy: 0.573387, Class Accuracy: 0.551221
[2025-07-21 17:22:52,139][__main__][INFO] - Epoch 65 (65/500):
[2025-07-21 17:29:23,324][__main__][INFO] - Train Instance Accuracy: 0.458300
[2025-07-21 17:30:45,315][__main__][INFO] - Test Instance Accuracy: 0.560081, Class Accuracy: 0.543043
[2025-07-21 17:30:45,315][__main__][INFO] - Best Instance Accuracy: 0.573387, Class Accuracy: 0.551221
[2025-07-21 17:30:45,315][__main__][INFO] - Epoch 66 (66/500):
[2025-07-21 17:37:11,995][__main__][INFO] - Train Instance Accuracy: 0.459720
[2025-07-21 17:38:34,317][__main__][INFO] - Generating and logging confusion matrix...
[2025-07-21 17:38:35,613][__main__][INFO] - Save model...
[2025-07-21 17:38:35,621][__main__][INFO] - Test Instance Accuracy: 0.582258, Class Accuracy: 0.573106
[2025-07-21 17:38:35,637][__main__][INFO] - Best Instance Accuracy: 0.582258, Class Accuracy: 0.573106
[2025-07-21 17:38:35,637][__main__][INFO] - Save model...
[2025-07-21 17:38:35,637][__main__][INFO] - Saving at best_model.pth
[2025-07-21 17:38:35,772][__main__][INFO] - Epoch 67 (67/500):
[2025-07-21 17:45:08,277][__main__][INFO] - Train Instance Accuracy: 0.476055
[2025-07-21 17:46:24,388][__main__][INFO] - Generating and logging confusion matrix...
[2025-07-21 17:46:25,805][__main__][INFO] - Save model...
[2025-07-21 17:46:25,841][__main__][INFO] - Test Instance Accuracy: 0.587097, Class Accuracy: 0.566728
[2025-07-21 17:46:25,841][__main__][INFO] - Best Instance Accuracy: 0.587097, Class Accuracy: 0.573106
[2025-07-21 17:46:25,846][__main__][INFO] - Save model...
[2025-07-21 17:46:25,846][__main__][INFO] - Saving at best_model.pth
[2025-07-21 17:46:26,105][__main__][INFO] - Epoch 68 (68/500):
[2025-07-21 17:52:47,288][__main__][INFO] - Train Instance Accuracy: 0.468750
[2025-07-21 17:54:12,533][__main__][INFO] - Test Instance Accuracy: 0.585484, Class Accuracy: 0.574519
[2025-07-21 17:54:12,534][__main__][INFO] - Best Instance Accuracy: 0.587097, Class Accuracy: 0.574519
[2025-07-21 17:54:12,534][__main__][INFO] - Epoch 69 (69/500):
[2025-07-21 18:00:50,637][__main__][INFO] - Train Instance Accuracy: 0.484375
[2025-07-21 18:02:13,470][__main__][INFO] - Test Instance Accuracy: 0.579032, Class Accuracy: 0.560259
[2025-07-21 18:02:13,470][__main__][INFO] - Best Instance Accuracy: 0.587097, Class Accuracy: 0.574519
[2025-07-21 18:02:13,471][__main__][INFO] - Epoch 70 (70/500):
[2025-07-21 18:08:56,852][__main__][INFO] - Train Instance Accuracy: 0.473654
[2025-07-21 18:10:19,099][__main__][INFO] - Test Instance Accuracy: 0.579839, Class Accuracy: 0.576549
[2025-07-21 18:10:19,099][__main__][INFO] - Best Instance Accuracy: 0.587097, Class Accuracy: 0.576549
[2025-07-21 18:10:19,099][__main__][INFO] - Epoch 71 (71/500):
[2025-07-21 18:16:54,627][__main__][INFO] - Train Instance Accuracy: 0.483090
[2025-07-21 18:18:15,912][__main__][INFO] - Generating and logging confusion matrix...
[2025-07-21 18:18:17,303][__main__][INFO] - Save model...
[2025-07-21 18:18:17,320][__main__][INFO] - Test Instance Accuracy: 0.604032, Class Accuracy: 0.599017
[2025-07-21 18:18:17,336][__main__][INFO] - Best Instance Accuracy: 0.604032, Class Accuracy: 0.599017
[2025-07-21 18:18:17,336][__main__][INFO] - Save model...
[2025-07-21 18:18:17,336][__main__][INFO] - Saving at best_model.pth
[2025-07-21 18:18:17,591][__main__][INFO] - Epoch 72 (72/500):
[2025-07-21 18:24:39,781][__main__][INFO] - Train Instance Accuracy: 0.485593
[2025-07-21 18:26:05,212][__main__][INFO] - Generating and logging confusion matrix...
[2025-07-21 18:26:06,638][__main__][INFO] - Save model...
[2025-07-21 18:26:06,653][__main__][INFO] - Test Instance Accuracy: 0.620968, Class Accuracy: 0.585469
[2025-07-21 18:26:06,653][__main__][INFO] - Best Instance Accuracy: 0.620968, Class Accuracy: 0.599017
[2025-07-21 18:26:06,653][__main__][INFO] - Save model...
[2025-07-21 18:26:06,653][__main__][INFO] - Saving at best_model.pth
[2025-07-21 18:26:06,936][__main__][INFO] - Epoch 73 (73/500):
[2025-07-21 18:32:39,132][__main__][INFO] - Train Instance Accuracy: 0.497768
[2025-07-21 18:34:06,059][__main__][INFO] - Generating and logging confusion matrix...
[2025-07-21 18:34:07,458][__main__][INFO] - Save model...
[2025-07-21 18:34:07,477][__main__][INFO] - Test Instance Accuracy: 0.632661, Class Accuracy: 0.600233
[2025-07-21 18:34:07,491][__main__][INFO] - Best Instance Accuracy: 0.632661, Class Accuracy: 0.600233
[2025-07-21 18:34:07,491][__main__][INFO] - Save model...
[2025-07-21 18:34:07,491][__main__][INFO] - Saving at best_model.pth
[2025-07-21 18:34:07,734][__main__][INFO] - Epoch 74 (74/500):
[2025-07-21 18:40:31,665][__main__][INFO] - Train Instance Accuracy: 0.502232
[2025-07-21 18:41:49,442][__main__][INFO] - Test Instance Accuracy: 0.611290, Class Accuracy: 0.584553
[2025-07-21 18:41:49,442][__main__][INFO] - Best Instance Accuracy: 0.632661, Class Accuracy: 0.600233
[2025-07-21 18:41:49,442][__main__][INFO] - Epoch 75 (75/500):
[2025-07-21 18:48:18,066][__main__][INFO] - Train Instance Accuracy: 0.513021
[2025-07-21 18:49:43,365][__main__][INFO] - Test Instance Accuracy: 0.620161, Class Accuracy: 0.598112
[2025-07-21 18:49:43,365][__main__][INFO] - Best Instance Accuracy: 0.632661, Class Accuracy: 0.600233
[2025-07-21 18:49:43,365][__main__][INFO] - Epoch 76 (76/500):
[2025-07-21 18:56:31,475][__main__][INFO] - Train Instance Accuracy: 0.505107
[2025-07-21 18:57:54,506][__main__][INFO] - Test Instance Accuracy: 0.627823, Class Accuracy: 0.605088
[2025-07-21 18:57:54,506][__main__][INFO] - Best Instance Accuracy: 0.632661, Class Accuracy: 0.605088
[2025-07-21 18:57:54,507][__main__][INFO] - Epoch 77 (77/500):
[2025-07-21 19:04:40,507][__main__][INFO] - Train Instance Accuracy: 0.510180
[2025-07-21 19:06:02,200][__main__][INFO] - Test Instance Accuracy: 0.630242, Class Accuracy: 0.603517
[2025-07-21 19:06:02,200][__main__][INFO] - Best Instance Accuracy: 0.632661, Class Accuracy: 0.605088
[2025-07-21 19:06:02,200][__main__][INFO] - Epoch 78 (78/500):
[2025-07-21 19:12:34,700][__main__][INFO] - Train Instance Accuracy: 0.518297
[2025-07-21 19:14:02,308][__main__][INFO] - Generating and logging confusion matrix...
[2025-07-21 19:14:03,996][__main__][INFO] - Save model...
[2025-07-21 19:14:04,008][__main__][INFO] - Test Instance Accuracy: 0.645565, Class Accuracy: 0.614482
[2025-07-21 19:14:04,008][__main__][INFO] - Best Instance Accuracy: 0.645565, Class Accuracy: 0.614482
[2025-07-21 19:14:04,024][__main__][INFO] - Save model...
[2025-07-21 19:14:04,024][__main__][INFO] - Saving at best_model.pth
[2025-07-21 19:14:04,208][__main__][INFO] - Epoch 79 (79/500):
[2025-07-21 19:20:38,530][__main__][INFO] - Train Instance Accuracy: 0.518195
[2025-07-21 19:21:59,306][__main__][INFO] - Test Instance Accuracy: 0.631855, Class Accuracy: 0.611169
[2025-07-21 19:21:59,307][__main__][INFO] - Best Instance Accuracy: 0.645565, Class Accuracy: 0.614482
[2025-07-21 19:21:59,307][__main__][INFO] - Epoch 80 (80/500):
[2025-07-21 19:28:39,081][__main__][INFO] - Train Instance Accuracy: 0.534835
[2025-07-21 19:30:02,963][__main__][INFO] - Generating and logging confusion matrix...
[2025-07-21 19:30:04,276][__main__][INFO] - Save model...
[2025-07-21 19:30:04,284][__main__][INFO] - Test Instance Accuracy: 0.654435, Class Accuracy: 0.632395
[2025-07-21 19:30:04,300][__main__][INFO] - Best Instance Accuracy: 0.654435, Class Accuracy: 0.632395
[2025-07-21 19:30:04,309][__main__][INFO] - Save model...
[2025-07-21 19:30:04,309][__main__][INFO] - Saving at best_model.pth
[2025-07-21 19:30:04,475][__main__][INFO] - Epoch 81 (81/500):
[2025-07-21 19:36:31,581][__main__][INFO] - Train Instance Accuracy: 0.523065
[2025-07-21 19:37:58,011][__main__][INFO] - Generating and logging confusion matrix...
[2025-07-21 19:37:59,679][__main__][INFO] - Save model...
[2025-07-21 19:37:59,687][__main__][INFO] - Test Instance Accuracy: 0.658468, Class Accuracy: 0.633485
[2025-07-21 19:37:59,703][__main__][INFO] - Best Instance Accuracy: 0.658468, Class Accuracy: 0.633485
[2025-07-21 19:37:59,712][__main__][INFO] - Save model...
[2025-07-21 19:37:59,713][__main__][INFO] - Saving at best_model.pth
[2025-07-21 19:37:59,954][__main__][INFO] - Epoch 82 (82/500):
[2025-07-21 19:44:41,615][__main__][INFO] - Train Instance Accuracy: 0.534226
[2025-07-21 19:46:07,577][__main__][INFO] - Test Instance Accuracy: 0.658065, Class Accuracy: 0.627627
[2025-07-21 19:46:07,577][__main__][INFO] - Best Instance Accuracy: 0.658468, Class Accuracy: 0.633485
[2025-07-21 19:46:07,578][__main__][INFO] - Epoch 83 (83/500):
[2025-07-21 19:52:50,820][__main__][INFO] - Train Instance Accuracy: 0.544203
[2025-07-21 19:54:16,027][__main__][INFO] - Test Instance Accuracy: 0.652016, Class Accuracy: 0.624443
[2025-07-21 19:54:16,028][__main__][INFO] - Best Instance Accuracy: 0.658468, Class Accuracy: 0.633485
[2025-07-21 19:54:16,028][__main__][INFO] - Epoch 84 (84/500):
[2025-07-21 20:01:03,839][__main__][INFO] - Train Instance Accuracy: 0.535714
[2025-07-21 20:02:24,587][__main__][INFO] - Generating and logging confusion matrix...
[2025-07-21 20:02:25,912][__main__][INFO] - Save model...
[2025-07-21 20:02:25,921][__main__][INFO] - Test Instance Accuracy: 0.665323, Class Accuracy: 0.637641
[2025-07-21 20:02:25,937][__main__][INFO] - Best Instance Accuracy: 0.665323, Class Accuracy: 0.637641
[2025-07-21 20:02:25,945][__main__][INFO] - Save model...
[2025-07-21 20:02:25,945][__main__][INFO] - Saving at best_model.pth
[2025-07-21 20:02:26,058][__main__][INFO] - Epoch 85 (85/500):
[2025-07-21 20:09:14,812][__main__][INFO] - Train Instance Accuracy: 0.558137
[2025-07-21 20:10:39,506][__main__][INFO] - Generating and logging confusion matrix...
[2025-07-21 20:10:40,840][__main__][INFO] - Save model...
[2025-07-21 20:10:40,858][__main__][INFO] - Test Instance Accuracy: 0.676210, Class Accuracy: 0.644378
[2025-07-21 20:10:40,874][__main__][INFO] - Best Instance Accuracy: 0.676210, Class Accuracy: 0.644378
[2025-07-21 20:10:40,876][__main__][INFO] - Save model...
[2025-07-21 20:10:40,876][__main__][INFO] - Saving at best_model.pth
[2025-07-21 20:10:41,205][__main__][INFO] - Epoch 86 (86/500):
[2025-07-21 20:17:35,962][__main__][INFO] - Train Instance Accuracy: 0.561012
[2025-07-21 20:19:11,639][__main__][INFO] - Test Instance Accuracy: 0.673387, Class Accuracy: 0.638156
[2025-07-21 20:19:11,640][__main__][INFO] - Best Instance Accuracy: 0.676210, Class Accuracy: 0.644378
[2025-07-21 20:19:11,640][__main__][INFO] - Epoch 87 (87/500):
[2025-07-21 20:26:17,074][__main__][INFO] - Train Instance Accuracy: 0.554992
[2025-07-21 20:27:42,929][__main__][INFO] - Generating and logging confusion matrix...
[2025-07-21 20:27:44,423][__main__][INFO] - Save model...
[2025-07-21 20:27:44,459][__main__][INFO] - Test Instance Accuracy: 0.685081, Class Accuracy: 0.662965
[2025-07-21 20:27:44,463][__main__][INFO] - Best Instance Accuracy: 0.685081, Class Accuracy: 0.662965
[2025-07-21 20:27:44,463][__main__][INFO] - Save model...
[2025-07-21 20:27:44,463][__main__][INFO] - Saving at best_model.pth
[2025-07-21 20:27:44,613][__main__][INFO] - Epoch 88 (88/500):
[2025-07-21 20:34:22,172][__main__][INFO] - Train Instance Accuracy: 0.565442
[2025-07-21 20:35:44,458][__main__][INFO] - Test Instance Accuracy: 0.652016, Class Accuracy: 0.619374
[2025-07-21 20:35:44,459][__main__][INFO] - Best Instance Accuracy: 0.685081, Class Accuracy: 0.662965
[2025-07-21 20:35:44,459][__main__][INFO] - Epoch 89 (89/500):
[2025-07-21 20:42:20,448][__main__][INFO] - Train Instance Accuracy: 0.568994
[2025-07-21 20:43:47,092][__main__][INFO] - Test Instance Accuracy: 0.662500, Class Accuracy: 0.624331
[2025-07-21 20:43:47,092][__main__][INFO] - Best Instance Accuracy: 0.685081, Class Accuracy: 0.662965
[2025-07-21 20:43:47,093][__main__][INFO] - Epoch 90 (90/500):
[2025-07-21 20:50:18,875][__main__][INFO] - Train Instance Accuracy: 0.579376
[2025-07-21 20:51:38,671][__main__][INFO] - Generating and logging confusion matrix...
[2025-07-21 20:51:39,949][__main__][INFO] - Save model...
[2025-07-21 20:51:39,959][__main__][INFO] - Test Instance Accuracy: 0.685887, Class Accuracy: 0.656160
[2025-07-21 20:51:39,959][__main__][INFO] - Best Instance Accuracy: 0.685887, Class Accuracy: 0.662965
[2025-07-21 20:51:39,959][__main__][INFO] - Save model...
[2025-07-21 20:51:39,959][__main__][INFO] - Saving at best_model.pth
[2025-07-21 20:51:40,247][__main__][INFO] - Epoch 91 (91/500):
[2025-07-21 20:58:10,813][__main__][INFO] - Train Instance Accuracy: 0.578159
[2025-07-21 20:59:31,687][__main__][INFO] - Test Instance Accuracy: 0.650403, Class Accuracy: 0.626774
[2025-07-21 20:59:31,687][__main__][INFO] - Best Instance Accuracy: 0.685887, Class Accuracy: 0.662965
[2025-07-21 20:59:31,688][__main__][INFO] - Epoch 92 (92/500):
[2025-07-21 21:06:17,316][__main__][INFO] - Train Instance Accuracy: 0.585126
[2025-07-21 21:07:44,335][__main__][INFO] - Generating and logging confusion matrix...
[2025-07-21 21:07:45,592][__main__][INFO] - Save model...
[2025-07-21 21:07:45,625][__main__][INFO] - Test Instance Accuracy: 0.704839, Class Accuracy: 0.677866
[2025-07-21 21:07:45,625][__main__][INFO] - Best Instance Accuracy: 0.704839, Class Accuracy: 0.677866
[2025-07-21 21:07:45,625][__main__][INFO] - Save model...
[2025-07-21 21:07:45,625][__main__][INFO] - Saving at best_model.pth
[2025-07-21 21:07:45,746][__main__][INFO] - Epoch 93 (93/500):
[2025-07-21 21:14:45,908][__main__][INFO] - Train Instance Accuracy: 0.595069
[2025-07-21 21:16:08,816][__main__][INFO] - Generating and logging confusion matrix...
[2025-07-21 21:16:10,273][__main__][INFO] - Save model...
[2025-07-21 21:16:10,302][__main__][INFO] - Test Instance Accuracy: 0.705645, Class Accuracy: 0.664183
[2025-07-21 21:16:10,308][__main__][INFO] - Best Instance Accuracy: 0.705645, Class Accuracy: 0.677866
[2025-07-21 21:16:10,309][__main__][INFO] - Save model...
[2025-07-21 21:16:10,309][__main__][INFO] - Saving at best_model.pth
[2025-07-21 21:16:10,692][__main__][INFO] - Epoch 94 (94/500):
[2025-07-21 21:22:45,398][__main__][INFO] - Train Instance Accuracy: 0.585160
[2025-07-21 21:24:08,700][__main__][INFO] - Generating and logging confusion matrix...
[2025-07-21 21:24:10,073][__main__][INFO] - Save model...
[2025-07-21 21:24:10,078][__main__][INFO] - Test Instance Accuracy: 0.713710, Class Accuracy: 0.674073
[2025-07-21 21:24:10,094][__main__][INFO] - Best Instance Accuracy: 0.713710, Class Accuracy: 0.677866
[2025-07-21 21:24:10,104][__main__][INFO] - Save model...
[2025-07-21 21:24:10,104][__main__][INFO] - Saving at best_model.pth
[2025-07-21 21:24:10,264][__main__][INFO] - Epoch 95 (95/500):
[2025-07-21 21:30:34,170][__main__][INFO] - Train Instance Accuracy: 0.598823
[2025-07-21 21:31:59,022][__main__][INFO] - Test Instance Accuracy: 0.711290, Class Accuracy: 0.671071
[2025-07-21 21:31:59,023][__main__][INFO] - Best Instance Accuracy: 0.713710, Class Accuracy: 0.677866
[2025-07-21 21:31:59,023][__main__][INFO] - Epoch 96 (96/500):
[2025-07-21 21:38:48,142][__main__][INFO] - Train Instance Accuracy: 0.599330
[2025-07-21 21:40:17,611][__main__][INFO] - Test Instance Accuracy: 0.693548, Class Accuracy: 0.663027
[2025-07-21 21:40:17,611][__main__][INFO] - Best Instance Accuracy: 0.713710, Class Accuracy: 0.677866
[2025-07-21 21:40:17,611][__main__][INFO] - Epoch 97 (97/500):
[2025-07-21 21:47:10,366][__main__][INFO] - Train Instance Accuracy: 0.604573
[2025-07-21 21:48:34,859][__main__][INFO] - Test Instance Accuracy: 0.707661, Class Accuracy: 0.663354
[2025-07-21 21:48:34,859][__main__][INFO] - Best Instance Accuracy: 0.713710, Class Accuracy: 0.677866
[2025-07-21 21:48:34,859][__main__][INFO] - Epoch 98 (98/500):
[2025-07-21 21:55:41,061][__main__][INFO] - Train Instance Accuracy: 0.603998
[2025-07-21 21:57:07,000][__main__][INFO] - Test Instance Accuracy: 0.712500, Class Accuracy: 0.680780
[2025-07-21 21:57:07,000][__main__][INFO] - Best Instance Accuracy: 0.713710, Class Accuracy: 0.680780
[2025-07-21 21:57:07,000][__main__][INFO] - Epoch 99 (99/500):
[2025-07-21 22:03:57,953][__main__][INFO] - Train Instance Accuracy: 0.607177
[2025-07-21 22:05:31,754][__main__][INFO] - Generating and logging confusion matrix...
[2025-07-21 22:05:33,413][__main__][INFO] - Save model...
[2025-07-21 22:05:33,431][__main__][INFO] - Test Instance Accuracy: 0.734274, Class Accuracy: 0.685019
[2025-07-21 22:05:33,431][__main__][INFO] - Best Instance Accuracy: 0.734274, Class Accuracy: 0.685019
[2025-07-21 22:05:33,431][__main__][INFO] - Save model...
[2025-07-21 22:05:33,431][__main__][INFO] - Saving at best_model.pth
[2025-07-21 22:05:33,840][__main__][INFO] - Epoch 100 (100/500):
[2025-07-21 22:12:49,367][__main__][INFO] - Train Instance Accuracy: 0.607143
[2025-07-21 22:14:26,173][__main__][INFO] - Test Instance Accuracy: 0.713710, Class Accuracy: 0.681572
[2025-07-21 22:14:26,173][__main__][INFO] - Best Instance Accuracy: 0.734274, Class Accuracy: 0.685019
[2025-07-21 22:14:26,173][__main__][INFO] - Epoch 101 (101/500):
[2025-07-21 22:21:35,489][__main__][INFO] - Train Instance Accuracy: 0.613772
[2025-07-21 22:22:55,339][__main__][INFO] - Generating and logging confusion matrix...
[2025-07-21 22:22:56,666][__main__][INFO] - Save model...
[2025-07-21 22:22:56,696][__main__][INFO] - Test Instance Accuracy: 0.744758, Class Accuracy: 0.704283
[2025-07-21 22:22:56,696][__main__][INFO] - Best Instance Accuracy: 0.744758, Class Accuracy: 0.704283
[2025-07-21 22:22:56,696][__main__][INFO] - Save model...
[2025-07-21 22:22:56,696][__main__][INFO] - Saving at best_model.pth
[2025-07-21 22:22:56,831][__main__][INFO] - Epoch 102 (102/500):
[2025-07-21 22:29:28,382][__main__][INFO] - Train Instance Accuracy: 0.633421
[2025-07-21 22:30:53,974][__main__][INFO] - Test Instance Accuracy: 0.721774, Class Accuracy: 0.683647
[2025-07-21 22:30:53,975][__main__][INFO] - Best Instance Accuracy: 0.744758, Class Accuracy: 0.704283
[2025-07-21 22:30:53,975][__main__][INFO] - Epoch 103 (103/500):
[2025-07-21 22:37:36,184][__main__][INFO] - Train Instance Accuracy: 0.632170
[2025-07-21 22:39:01,289][__main__][INFO] - Test Instance Accuracy: 0.743952, Class Accuracy: 0.699566
[2025-07-21 22:39:01,289][__main__][INFO] - Best Instance Accuracy: 0.744758, Class Accuracy: 0.704283
[2025-07-21 22:39:01,289][__main__][INFO] - Epoch 104 (104/500):
[2025-07-21 22:45:47,781][__main__][INFO] - Train Instance Accuracy: 0.632305
[2025-07-21 22:47:12,042][__main__][INFO] - Test Instance Accuracy: 0.733871, Class Accuracy: 0.705865
[2025-07-21 22:47:12,042][__main__][INFO] - Best Instance Accuracy: 0.744758, Class Accuracy: 0.705865
[2025-07-21 22:47:12,042][__main__][INFO] - Epoch 105 (105/500):
[2025-07-21 22:53:31,460][__main__][INFO] - Train Instance Accuracy: 0.641403
[2025-07-21 22:54:52,530][__main__][INFO] - Test Instance Accuracy: 0.736290, Class Accuracy: 0.700348
[2025-07-21 22:54:52,530][__main__][INFO] - Best Instance Accuracy: 0.744758, Class Accuracy: 0.705865
[2025-07-21 22:54:52,530][__main__][INFO] - Epoch 106 (106/500):
[2025-07-21 23:01:37,167][__main__][INFO] - Train Instance Accuracy: 0.647085
[2025-07-21 23:03:11,109][__main__][INFO] - Test Instance Accuracy: 0.737097, Class Accuracy: 0.707296
[2025-07-21 23:03:11,110][__main__][INFO] - Best Instance Accuracy: 0.744758, Class Accuracy: 0.707296
[2025-07-21 23:03:11,110][__main__][INFO] - Epoch 107 (107/500):
[2025-07-21 23:09:51,286][__main__][INFO] - Train Instance Accuracy: 0.635721
[2025-07-21 23:11:15,339][__main__][INFO] - Test Instance Accuracy: 0.719758, Class Accuracy: 0.691681
[2025-07-21 23:11:15,339][__main__][INFO] - Best Instance Accuracy: 0.744758, Class Accuracy: 0.707296
[2025-07-21 23:11:15,340][__main__][INFO] - Epoch 108 (108/500):
[2025-07-21 23:18:07,104][__main__][INFO] - Train Instance Accuracy: 0.639543
[2025-07-21 23:19:33,648][__main__][INFO] - Test Instance Accuracy: 0.730645, Class Accuracy: 0.703358
[2025-07-21 23:19:33,648][__main__][INFO] - Best Instance Accuracy: 0.744758, Class Accuracy: 0.707296
[2025-07-21 23:19:33,649][__main__][INFO] - Epoch 109 (109/500):
[2025-07-21 23:26:11,932][__main__][INFO] - Train Instance Accuracy: 0.649351
[2025-07-21 23:27:27,946][__main__][INFO] - Test Instance Accuracy: 0.740323, Class Accuracy: 0.701447
[2025-07-21 23:27:27,947][__main__][INFO] - Best Instance Accuracy: 0.744758, Class Accuracy: 0.707296
[2025-07-21 23:27:27,947][__main__][INFO] - Epoch 110 (110/500):
[2025-07-21 23:33:31,816][__main__][INFO] - Train Instance Accuracy: 0.647795
[2025-07-21 23:35:00,348][__main__][INFO] - Test Instance Accuracy: 0.733468, Class Accuracy: 0.709429
[2025-07-21 23:35:00,348][__main__][INFO] - Best Instance Accuracy: 0.744758, Class Accuracy: 0.709429
[2025-07-21 23:35:00,349][__main__][INFO] - Epoch 111 (111/500):
[2025-07-21 23:41:20,402][__main__][INFO] - Train Instance Accuracy: 0.651481
[2025-07-21 23:42:44,654][__main__][INFO] - Test Instance Accuracy: 0.737903, Class Accuracy: 0.704829
[2025-07-21 23:42:44,654][__main__][INFO] - Best Instance Accuracy: 0.744758, Class Accuracy: 0.709429
[2025-07-21 23:42:44,655][__main__][INFO] - Epoch 112 (112/500):
[2025-07-21 23:49:21,340][__main__][INFO] - Train Instance Accuracy: 0.648674
[2025-07-21 23:50:43,763][__main__][INFO] - Generating and logging confusion matrix...
[2025-07-21 23:50:45,500][__main__][INFO] - Save model...
[2025-07-21 23:50:45,510][__main__][INFO] - Test Instance Accuracy: 0.745161, Class Accuracy: 0.710087
[2025-07-21 23:50:45,510][__main__][INFO] - Best Instance Accuracy: 0.745161, Class Accuracy: 0.710087
[2025-07-21 23:50:45,510][__main__][INFO] - Save model...
[2025-07-21 23:50:45,510][__main__][INFO] - Saving at best_model.pth
[2025-07-21 23:50:45,802][__main__][INFO] - Epoch 113 (113/500):
[2025-07-21 23:57:18,940][__main__][INFO] - Train Instance Accuracy: 0.650365
[2025-07-21 23:58:38,867][__main__][INFO] - Generating and logging confusion matrix...
[2025-07-21 23:58:40,245][__main__][INFO] - Save model...
[2025-07-21 23:58:40,265][__main__][INFO] - Test Instance Accuracy: 0.747984, Class Accuracy: 0.713779
[2025-07-21 23:58:40,276][__main__][INFO] - Best Instance Accuracy: 0.747984, Class Accuracy: 0.713779
[2025-07-21 23:58:40,276][__main__][INFO] - Save model...
[2025-07-21 23:58:40,276][__main__][INFO] - Saving at best_model.pth
[2025-07-21 23:58:40,686][__main__][INFO] - Epoch 114 (114/500):
[2025-07-22 00:05:16,984][__main__][INFO] - Train Instance Accuracy: 0.648471
[2025-07-22 00:06:43,469][__main__][INFO] - Test Instance Accuracy: 0.743145, Class Accuracy: 0.719494
[2025-07-22 00:06:43,469][__main__][INFO] - Best Instance Accuracy: 0.747984, Class Accuracy: 0.719494
[2025-07-22 00:06:43,469][__main__][INFO] - Epoch 115 (115/500):
[2025-07-22 00:13:18,139][__main__][INFO] - Train Instance Accuracy: 0.649486
[2025-07-22 00:14:39,545][__main__][INFO] - Test Instance Accuracy: 0.744758, Class Accuracy: 0.710188
[2025-07-22 00:14:39,545][__main__][INFO] - Best Instance Accuracy: 0.747984, Class Accuracy: 0.719494
[2025-07-22 00:14:39,545][__main__][INFO] - Epoch 116 (116/500):
[2025-07-22 00:21:08,073][__main__][INFO] - Train Instance Accuracy: 0.646814
[2025-07-22 00:22:28,932][__main__][INFO] - Generating and logging confusion matrix...
[2025-07-22 00:22:30,423][__main__][INFO] - Save model...
[2025-07-22 00:22:30,428][__main__][INFO] - Test Instance Accuracy: 0.750000, Class Accuracy: 0.709920
[2025-07-22 00:22:30,444][__main__][INFO] - Best Instance Accuracy: 0.750000, Class Accuracy: 0.719494
[2025-07-22 00:22:30,444][__main__][INFO] - Save model...
[2025-07-22 00:22:30,444][__main__][INFO] - Saving at best_model.pth
[2025-07-22 00:22:30,758][__main__][INFO] - Epoch 117 (117/500):
[2025-07-22 00:28:50,418][__main__][INFO] - Train Instance Accuracy: 0.650805
[2025-07-22 00:30:10,874][__main__][INFO] - Generating and logging confusion matrix...
[2025-07-22 00:30:12,128][__main__][INFO] - Save model...
[2025-07-22 00:30:12,159][__main__][INFO] - Test Instance Accuracy: 0.762903, Class Accuracy: 0.725125
[2025-07-22 00:30:12,160][__main__][INFO] - Best Instance Accuracy: 0.762903, Class Accuracy: 0.725125
[2025-07-22 00:30:12,160][__main__][INFO] - Save model...
[2025-07-22 00:30:12,160][__main__][INFO] - Saving at best_model.pth
[2025-07-22 00:30:12,392][__main__][INFO] - Epoch 118 (118/500):
[2025-07-22 00:36:28,910][__main__][INFO] - Train Instance Accuracy: 0.658820
[2025-07-22 00:37:49,765][__main__][INFO] - Test Instance Accuracy: 0.752419, Class Accuracy: 0.719959
[2025-07-22 00:37:49,766][__main__][INFO] - Best Instance Accuracy: 0.762903, Class Accuracy: 0.725125
[2025-07-22 00:37:49,766][__main__][INFO] - Epoch 119 (119/500):
[2025-07-22 00:44:00,562][__main__][INFO] - Train Instance Accuracy: 0.652124
[2025-07-22 00:45:16,450][__main__][INFO] - Test Instance Accuracy: 0.747984, Class Accuracy: 0.722394
[2025-07-22 00:45:16,450][__main__][INFO] - Best Instance Accuracy: 0.762903, Class Accuracy: 0.725125
[2025-07-22 00:45:16,451][__main__][INFO] - Epoch 120 (120/500):
[2025-07-22 00:51:27,756][__main__][INFO] - Train Instance Accuracy: 0.655641
[2025-07-22 00:52:43,306][__main__][INFO] - Test Instance Accuracy: 0.755645, Class Accuracy: 0.721479
[2025-07-22 00:52:43,306][__main__][INFO] - Best Instance Accuracy: 0.762903, Class Accuracy: 0.725125
[2025-07-22 00:52:43,307][__main__][INFO] - Epoch 121 (121/500):
[2025-07-22 00:59:09,413][__main__][INFO] - Train Instance Accuracy: 0.665314
[2025-07-22 01:00:28,608][__main__][INFO] - Test Instance Accuracy: 0.731855, Class Accuracy: 0.701211
[2025-07-22 01:00:28,609][__main__][INFO] - Best Instance Accuracy: 0.762903, Class Accuracy: 0.725125
[2025-07-22 01:00:28,609][__main__][INFO] - Epoch 122 (122/500):
[2025-07-22 01:07:01,796][__main__][INFO] - Train Instance Accuracy: 0.658448
[2025-07-22 01:08:19,737][__main__][INFO] - Test Instance Accuracy: 0.754032, Class Accuracy: 0.711698
[2025-07-22 01:08:19,738][__main__][INFO] - Best Instance Accuracy: 0.762903, Class Accuracy: 0.725125
[2025-07-22 01:08:19,738][__main__][INFO] - Epoch 123 (123/500):
[2025-07-22 01:14:32,460][__main__][INFO] - Train Instance Accuracy: 0.665179
[2025-07-22 01:15:53,309][__main__][INFO] - Generating and logging confusion matrix...
[2025-07-22 01:15:54,728][__main__][INFO] - Save model...
[2025-07-22 01:15:54,743][__main__][INFO] - Test Instance Accuracy: 0.764113, Class Accuracy: 0.726545
[2025-07-22 01:15:54,743][__main__][INFO] - Best Instance Accuracy: 0.764113, Class Accuracy: 0.726545
[2025-07-22 01:15:54,743][__main__][INFO] - Save model...
[2025-07-22 01:15:54,743][__main__][INFO] - Saving at best_model.pth
[2025-07-22 01:15:55,133][__main__][INFO] - Epoch 124 (124/500):
[2025-07-22 01:22:29,171][__main__][INFO] - Train Instance Accuracy: 0.658922
[2025-07-22 01:23:53,522][__main__][INFO] - Test Instance Accuracy: 0.745968, Class Accuracy: 0.711665
[2025-07-22 01:23:53,522][__main__][INFO] - Best Instance Accuracy: 0.764113, Class Accuracy: 0.726545
[2025-07-22 01:23:53,523][__main__][INFO] - Epoch 125 (125/500):
[2025-07-22 01:30:19,944][__main__][INFO] - Train Instance Accuracy: 0.656284
[2025-07-22 01:31:42,794][__main__][INFO] - Generating and logging confusion matrix...
[2025-07-22 01:31:44,000][__main__][INFO] - Save model...
[2025-07-22 01:31:44,008][__main__][INFO] - Test Instance Accuracy: 0.768548, Class Accuracy: 0.728660
[2025-07-22 01:31:44,008][__main__][INFO] - Best Instance Accuracy: 0.768548, Class Accuracy: 0.728660
[2025-07-22 01:31:44,008][__main__][INFO] - Save model...
[2025-07-22 01:31:44,008][__main__][INFO] - Saving at best_model.pth
[2025-07-22 01:31:44,443][__main__][INFO] - Epoch 126 (126/500):
[2025-07-22 01:38:25,144][__main__][INFO] - Train Instance Accuracy: 0.663352
[2025-07-22 01:39:53,015][__main__][INFO] - Test Instance Accuracy: 0.739919, Class Accuracy: 0.702983
[2025-07-22 01:39:53,015][__main__][INFO] - Best Instance Accuracy: 0.768548, Class Accuracy: 0.728660
[2025-07-22 01:39:53,015][__main__][INFO] - Epoch 127 (127/500):
[2025-07-22 01:46:26,603][__main__][INFO] - Train Instance Accuracy: 0.664604
[2025-07-22 01:47:52,999][__main__][INFO] - Test Instance Accuracy: 0.768145, Class Accuracy: 0.734280
[2025-07-22 01:47:52,999][__main__][INFO] - Best Instance Accuracy: 0.768548, Class Accuracy: 0.734280
[2025-07-22 01:47:52,999][__main__][INFO] - Epoch 128 (128/500):
[2025-07-22 01:54:37,931][__main__][INFO] - Train Instance Accuracy: 0.669947
[2025-07-22 01:56:06,907][__main__][INFO] - Test Instance Accuracy: 0.767742, Class Accuracy: 0.729871
[2025-07-22 01:56:06,908][__main__][INFO] - Best Instance Accuracy: 0.768548, Class Accuracy: 0.734280
[2025-07-22 01:56:06,908][__main__][INFO] - Epoch 129 (129/500):
[2025-07-22 02:02:40,460][__main__][INFO] - Train Instance Accuracy: 0.670691
[2025-07-22 02:03:59,155][__main__][INFO] - Test Instance Accuracy: 0.759677, Class Accuracy: 0.723239
[2025-07-22 02:03:59,155][__main__][INFO] - Best Instance Accuracy: 0.768548, Class Accuracy: 0.734280
[2025-07-22 02:03:59,155][__main__][INFO] - Epoch 130 (130/500):
[2025-07-22 02:10:19,042][__main__][INFO] - Train Instance Accuracy: 0.666396
[2025-07-22 02:11:39,855][__main__][INFO] - Test Instance Accuracy: 0.758065, Class Accuracy: 0.722538
[2025-07-22 02:11:39,856][__main__][INFO] - Best Instance Accuracy: 0.768548, Class Accuracy: 0.734280
[2025-07-22 02:11:39,856][__main__][INFO] - Epoch 131 (131/500):
[2025-07-22 02:18:01,332][__main__][INFO] - Train Instance Accuracy: 0.681209
[2025-07-22 02:19:20,638][__main__][INFO] - Test Instance Accuracy: 0.767339, Class Accuracy: 0.734238
[2025-07-22 02:19:20,638][__main__][INFO] - Best Instance Accuracy: 0.768548, Class Accuracy: 0.734280
[2025-07-22 02:19:20,638][__main__][INFO] - Epoch 132 (132/500):
[2025-07-22 02:25:59,819][__main__][INFO] - Train Instance Accuracy: 0.672890
[2025-07-22 02:27:21,082][__main__][INFO] - Generating and logging confusion matrix...
[2025-07-22 02:27:22,517][__main__][INFO] - Save model...
[2025-07-22 02:27:22,530][__main__][INFO] - Test Instance Accuracy: 0.773387, Class Accuracy: 0.736208
[2025-07-22 02:27:22,530][__main__][INFO] - Best Instance Accuracy: 0.773387, Class Accuracy: 0.736208
[2025-07-22 02:27:22,530][__main__][INFO] - Save model...
[2025-07-22 02:27:22,530][__main__][INFO] - Saving at best_model.pth
[2025-07-22 02:27:22,792][__main__][INFO] - Epoch 133 (133/500):
[2025-07-22 02:34:06,866][__main__][INFO] - Train Instance Accuracy: 0.675629
[2025-07-22 02:35:29,099][__main__][INFO] - Test Instance Accuracy: 0.762500, Class Accuracy: 0.718551
[2025-07-22 02:35:29,099][__main__][INFO] - Best Instance Accuracy: 0.773387, Class Accuracy: 0.736208
[2025-07-22 02:35:29,099][__main__][INFO] - Epoch 134 (134/500):
[2025-07-22 02:41:57,045][__main__][INFO] - Train Instance Accuracy: 0.685369
[2025-07-22 02:43:23,656][__main__][INFO] - Test Instance Accuracy: 0.760887, Class Accuracy: 0.720402
[2025-07-22 02:43:23,656][__main__][INFO] - Best Instance Accuracy: 0.773387, Class Accuracy: 0.736208
[2025-07-22 02:43:23,657][__main__][INFO] - Epoch 135 (135/500):
[2025-07-22 02:50:05,491][__main__][INFO] - Train Instance Accuracy: 0.671300
[2025-07-22 02:51:25,870][__main__][INFO] - Test Instance Accuracy: 0.756855, Class Accuracy: 0.719716
[2025-07-22 02:51:25,870][__main__][INFO] - Best Instance Accuracy: 0.773387, Class Accuracy: 0.736208
[2025-07-22 02:51:25,870][__main__][INFO] - Epoch 136 (136/500):
[2025-07-22 02:57:57,956][__main__][INFO] - Train Instance Accuracy: 0.672315
[2025-07-22 02:59:19,193][__main__][INFO] - Test Instance Accuracy: 0.757661, Class Accuracy: 0.722735
[2025-07-22 02:59:19,194][__main__][INFO] - Best Instance Accuracy: 0.773387, Class Accuracy: 0.736208
[2025-07-22 02:59:19,194][__main__][INFO] - Epoch 137 (137/500):
[2025-07-22 03:05:29,858][__main__][INFO] - Train Instance Accuracy: 0.683746
[2025-07-22 03:06:58,063][__main__][INFO] - Test Instance Accuracy: 0.769355, Class Accuracy: 0.734288
[2025-07-22 03:06:58,063][__main__][INFO] - Best Instance Accuracy: 0.773387, Class Accuracy: 0.736208
[2025-07-22 03:06:58,063][__main__][INFO] - Epoch 138 (138/500):
[2025-07-22 03:13:17,757][__main__][INFO] - Train Instance Accuracy: 0.675528
[2025-07-22 03:14:39,614][__main__][INFO] - Test Instance Accuracy: 0.762500, Class Accuracy: 0.725231
[2025-07-22 03:14:39,614][__main__][INFO] - Best Instance Accuracy: 0.773387, Class Accuracy: 0.736208
[2025-07-22 03:14:39,614][__main__][INFO] - Epoch 139 (139/500):
[2025-07-22 03:21:19,123][__main__][INFO] - Train Instance Accuracy: 0.681243
[2025-07-22 03:22:43,465][__main__][INFO] - Generating and logging confusion matrix...
[2025-07-22 03:22:44,885][__main__][INFO] - Save model...
[2025-07-22 03:22:44,915][__main__][INFO] - Test Instance Accuracy: 0.773790, Class Accuracy: 0.737859
[2025-07-22 03:22:44,915][__main__][INFO] - Best Instance Accuracy: 0.773790, Class Accuracy: 0.737859
[2025-07-22 03:22:44,915][__main__][INFO] - Save model...
[2025-07-22 03:22:44,915][__main__][INFO] - Saving at best_model.pth
[2025-07-22 03:22:45,059][__main__][INFO] - Epoch 140 (140/500):
[2025-07-22 03:29:41,896][__main__][INFO] - Train Instance Accuracy: 0.683137
[2025-07-22 03:31:12,168][__main__][INFO] - Generating and logging confusion matrix...
[2025-07-22 03:31:13,614][__main__][INFO] - Save model...
[2025-07-22 03:31:13,644][__main__][INFO] - Test Instance Accuracy: 0.776210, Class Accuracy: 0.735648
[2025-07-22 03:31:13,644][__main__][INFO] - Best Instance Accuracy: 0.776210, Class Accuracy: 0.737859
[2025-07-22 03:31:13,644][__main__][INFO] - Save model...
[2025-07-22 03:31:13,644][__main__][INFO] - Saving at best_model.pth
[2025-07-22 03:31:13,766][__main__][INFO] - Epoch 141 (141/500):
[2025-07-22 03:38:00,446][__main__][INFO] - Train Instance Accuracy: 0.687399
[2025-07-22 03:39:19,643][__main__][INFO] - Test Instance Accuracy: 0.775403, Class Accuracy: 0.733883
[2025-07-22 03:39:19,643][__main__][INFO] - Best Instance Accuracy: 0.776210, Class Accuracy: 0.737859
[2025-07-22 03:39:19,643][__main__][INFO] - Epoch 142 (142/500):
[2025-07-22 03:46:12,182][__main__][INFO] - Train Instance Accuracy: 0.683509
[2025-07-22 03:47:37,273][__main__][INFO] - Test Instance Accuracy: 0.768952, Class Accuracy: 0.729204
[2025-07-22 03:47:37,273][__main__][INFO] - Best Instance Accuracy: 0.776210, Class Accuracy: 0.737859
[2025-07-22 03:47:37,273][__main__][INFO] - Epoch 143 (143/500):
[2025-07-22 03:54:06,370][__main__][INFO] - Train Instance Accuracy: 0.688684
[2025-07-22 03:55:29,380][__main__][INFO] - Test Instance Accuracy: 0.763306, Class Accuracy: 0.727550
[2025-07-22 03:55:29,381][__main__][INFO] - Best Instance Accuracy: 0.776210, Class Accuracy: 0.737859
[2025-07-22 03:55:29,381][__main__][INFO] - Epoch 144 (144/500):
[2025-07-22 04:01:46,694][__main__][INFO] - Train Instance Accuracy: 0.689462
[2025-07-22 04:03:02,359][__main__][INFO] - Test Instance Accuracy: 0.764516, Class Accuracy: 0.728812
[2025-07-22 04:03:02,360][__main__][INFO] - Best Instance Accuracy: 0.776210, Class Accuracy: 0.737859
[2025-07-22 04:03:02,360][__main__][INFO] - Epoch 145 (145/500):
[2025-07-22 04:09:11,286][__main__][INFO] - Train Instance Accuracy: 0.690003
[2025-07-22 04:10:29,331][__main__][INFO] - Test Instance Accuracy: 0.775806, Class Accuracy: 0.733385
[2025-07-22 04:10:29,332][__main__][INFO] - Best Instance Accuracy: 0.776210, Class Accuracy: 0.737859
[2025-07-22 04:10:29,332][__main__][INFO] - Epoch 146 (146/500):
[2025-07-22 04:16:53,404][__main__][INFO] - Train Instance Accuracy: 0.689935
[2025-07-22 04:18:12,413][__main__][INFO] - Generating and logging confusion matrix...
[2025-07-22 04:18:13,906][__main__][INFO] - Save model...
[2025-07-22 04:18:13,927][__main__][INFO] - Test Instance Accuracy: 0.788306, Class Accuracy: 0.752194
[2025-07-22 04:18:13,936][__main__][INFO] - Best Instance Accuracy: 0.788306, Class Accuracy: 0.752194
[2025-07-22 04:18:13,936][__main__][INFO] - Save model...
[2025-07-22 04:18:13,936][__main__][INFO] - Saving at best_model.pth
[2025-07-22 04:18:14,924][__main__][INFO] - Epoch 147 (147/500):
[2025-07-22 04:24:30,832][__main__][INFO] - Train Instance Accuracy: 0.701096
[2025-07-22 04:25:51,790][__main__][INFO] - Test Instance Accuracy: 0.764516, Class Accuracy: 0.726114
[2025-07-22 04:25:51,791][__main__][INFO] - Best Instance Accuracy: 0.788306, Class Accuracy: 0.752194
[2025-07-22 04:25:51,791][__main__][INFO] - Epoch 148 (148/500):
[2025-07-22 04:32:21,808][__main__][INFO] - Train Instance Accuracy: 0.688650
[2025-07-22 04:33:42,875][__main__][INFO] - Test Instance Accuracy: 0.765323, Class Accuracy: 0.734562
[2025-07-22 04:33:42,875][__main__][INFO] - Best Instance Accuracy: 0.788306, Class Accuracy: 0.752194
[2025-07-22 04:33:42,876][__main__][INFO] - Epoch 149 (149/500):
[2025-07-22 04:40:04,057][__main__][INFO] - Train Instance Accuracy: 0.692370
[2025-07-22 04:41:21,158][__main__][INFO] - Test Instance Accuracy: 0.777016, Class Accuracy: 0.746038
[2025-07-22 04:41:21,159][__main__][INFO] - Best Instance Accuracy: 0.788306, Class Accuracy: 0.752194
[2025-07-22 04:41:21,159][__main__][INFO] - Epoch 150 (150/500):
[2025-07-22 04:47:32,108][__main__][INFO] - Train Instance Accuracy: 0.696868
[2025-07-22 04:48:51,103][__main__][INFO] - Test Instance Accuracy: 0.775000, Class Accuracy: 0.736649
[2025-07-22 04:48:51,103][__main__][INFO] - Best Instance Accuracy: 0.788306, Class Accuracy: 0.752194
[2025-07-22 04:48:51,103][__main__][INFO] - Epoch 151 (151/500):
[2025-07-22 04:55:26,372][__main__][INFO] - Train Instance Accuracy: 0.694636
[2025-07-22 04:56:48,099][__main__][INFO] - Test Instance Accuracy: 0.780242, Class Accuracy: 0.736779
[2025-07-22 04:56:48,100][__main__][INFO] - Best Instance Accuracy: 0.788306, Class Accuracy: 0.752194
[2025-07-22 04:56:48,100][__main__][INFO] - Epoch 152 (152/500):
[2025-07-22 05:03:21,890][__main__][INFO] - Train Instance Accuracy: 0.694738
[2025-07-22 05:04:49,870][__main__][INFO] - Generating and logging confusion matrix...
[2025-07-22 05:04:51,296][__main__][INFO] - Save model...
[2025-07-22 05:04:51,325][__main__][INFO] - Test Instance Accuracy: 0.796774, Class Accuracy: 0.746317
[2025-07-22 05:04:51,325][__main__][INFO] - Best Instance Accuracy: 0.796774, Class Accuracy: 0.752194
[2025-07-22 05:04:51,325][__main__][INFO] - Save model...
[2025-07-22 05:04:51,325][__main__][INFO] - Saving at best_model.pth
[2025-07-22 05:04:51,694][__main__][INFO] - Epoch 153 (153/500):
[2025-07-22 05:11:34,398][__main__][INFO] - Train Instance Accuracy: 0.707927
[2025-07-22 05:13:01,110][__main__][INFO] - Test Instance Accuracy: 0.785484, Class Accuracy: 0.746117
[2025-07-22 05:13:01,111][__main__][INFO] - Best Instance Accuracy: 0.796774, Class Accuracy: 0.752194
[2025-07-22 05:13:01,111][__main__][INFO] - Epoch 154 (154/500):
[2025-07-22 05:19:24,207][__main__][INFO] - Train Instance Accuracy: 0.704951
[2025-07-22 05:20:39,973][__main__][INFO] - Test Instance Accuracy: 0.789113, Class Accuracy: 0.752940
[2025-07-22 05:20:39,973][__main__][INFO] - Best Instance Accuracy: 0.796774, Class Accuracy: 0.752940
[2025-07-22 05:20:39,974][__main__][INFO] - Epoch 155 (155/500):
[2025-07-22 05:26:54,508][__main__][INFO] - Train Instance Accuracy: 0.698999
[2025-07-22 05:28:09,426][__main__][INFO] - Test Instance Accuracy: 0.780645, Class Accuracy: 0.739075
[2025-07-22 05:28:09,427][__main__][INFO] - Best Instance Accuracy: 0.796774, Class Accuracy: 0.752940
[2025-07-22 05:28:09,427][__main__][INFO] - Epoch 156 (156/500):
[2025-07-22 05:34:15,323][__main__][INFO] - Train Instance Accuracy: 0.701705
[2025-07-22 05:35:34,112][__main__][INFO] - Test Instance Accuracy: 0.772581, Class Accuracy: 0.745605
[2025-07-22 05:35:34,113][__main__][INFO] - Best Instance Accuracy: 0.796774, Class Accuracy: 0.752940
[2025-07-22 05:35:34,113][__main__][INFO] - Epoch 157 (157/500):
[2025-07-22 05:41:50,543][__main__][INFO] - Train Instance Accuracy: 0.708029
[2025-07-22 05:43:11,670][__main__][INFO] - Test Instance Accuracy: 0.784274, Class Accuracy: 0.746528
[2025-07-22 05:43:11,670][__main__][INFO] - Best Instance Accuracy: 0.796774, Class Accuracy: 0.752940
[2025-07-22 05:43:11,671][__main__][INFO] - Epoch 158 (158/500):
[2025-07-22 05:49:27,889][__main__][INFO] - Train Instance Accuracy: 0.705662
[2025-07-22 05:50:45,097][__main__][INFO] - Test Instance Accuracy: 0.785887, Class Accuracy: 0.745627
[2025-07-22 05:50:45,098][__main__][INFO] - Best Instance Accuracy: 0.796774, Class Accuracy: 0.752940
[2025-07-22 05:50:45,098][__main__][INFO] - Epoch 159 (159/500):
[2025-07-22 05:57:05,203][__main__][INFO] - Train Instance Accuracy: 0.704343
[2025-07-22 05:58:20,655][__main__][INFO] - Test Instance Accuracy: 0.786694, Class Accuracy: 0.750122
[2025-07-22 05:58:20,655][__main__][INFO] - Best Instance Accuracy: 0.796774, Class Accuracy: 0.752940
[2025-07-22 05:58:20,656][__main__][INFO] - Epoch 160 (160/500):
[2025-07-22 06:04:32,014][__main__][INFO] - Train Instance Accuracy: 0.711479
[2025-07-22 06:05:51,516][__main__][INFO] - Generating and logging confusion matrix...
[2025-07-22 06:05:52,979][__main__][INFO] - Save model...
[2025-07-22 06:05:53,006][__main__][INFO] - Test Instance Accuracy: 0.797177, Class Accuracy: 0.752226
[2025-07-22 06:05:53,006][__main__][INFO] - Best Instance Accuracy: 0.797177, Class Accuracy: 0.752940
[2025-07-22 06:05:53,006][__main__][INFO] - Save model...
[2025-07-22 06:05:53,006][__main__][INFO] - Saving at best_model.pth
[2025-07-22 06:05:53,325][__main__][INFO] - Epoch 161 (161/500):
[2025-07-22 06:12:17,558][__main__][INFO] - Train Instance Accuracy: 0.706541
[2025-07-22 06:13:39,648][__main__][INFO] - Test Instance Accuracy: 0.786290, Class Accuracy: 0.750454
[2025-07-22 06:13:39,648][__main__][INFO] - Best Instance Accuracy: 0.797177, Class Accuracy: 0.752940
[2025-07-22 06:13:39,648][__main__][INFO] - Epoch 162 (162/500):
[2025-07-22 06:20:02,549][__main__][INFO] - Train Instance Accuracy: 0.709855
[2025-07-22 06:21:23,541][__main__][INFO] - Test Instance Accuracy: 0.785887, Class Accuracy: 0.750042
[2025-07-22 06:21:23,541][__main__][INFO] - Best Instance Accuracy: 0.797177, Class Accuracy: 0.752940
[2025-07-22 06:21:23,541][__main__][INFO] - Epoch 163 (163/500):
[2025-07-22 06:27:51,970][__main__][INFO] - Train Instance Accuracy: 0.704140
[2025-07-22 06:29:25,519][__main__][INFO] - Test Instance Accuracy: 0.790323, Class Accuracy: 0.743784
[2025-07-22 06:29:25,519][__main__][INFO] - Best Instance Accuracy: 0.797177, Class Accuracy: 0.752940
[2025-07-22 06:29:25,519][__main__][INFO] - Epoch 164 (164/500):
[2025-07-22 06:36:10,076][__main__][INFO] - Train Instance Accuracy: 0.710532
[2025-07-22 06:37:31,510][__main__][INFO] - Test Instance Accuracy: 0.785081, Class Accuracy: 0.743520
[2025-07-22 06:37:31,511][__main__][INFO] - Best Instance Accuracy: 0.797177, Class Accuracy: 0.752940
[2025-07-22 06:37:31,511][__main__][INFO] - Epoch 165 (165/500):
[2025-07-22 06:43:46,952][__main__][INFO] - Train Instance Accuracy: 0.709382
[2025-07-22 06:45:07,585][__main__][INFO] - Test Instance Accuracy: 0.795161, Class Accuracy: 0.760875
[2025-07-22 06:45:07,585][__main__][INFO] - Best Instance Accuracy: 0.797177, Class Accuracy: 0.760875
[2025-07-22 06:45:07,585][__main__][INFO] - Epoch 166 (166/500):
[2025-07-22 06:51:49,629][__main__][INFO] - Train Instance Accuracy: 0.708232
[2025-07-22 06:53:12,815][__main__][INFO] - Generating and logging confusion matrix...
[2025-07-22 06:53:14,250][__main__][INFO] - Save model...
[2025-07-22 06:53:14,264][__main__][INFO] - Test Instance Accuracy: 0.799597, Class Accuracy: 0.763636
[2025-07-22 06:53:14,264][__main__][INFO] - Best Instance Accuracy: 0.799597, Class Accuracy: 0.763636
[2025-07-22 06:53:14,280][__main__][INFO] - Save model...
[2025-07-22 06:53:14,280][__main__][INFO] - Saving at best_model.pth
[2025-07-22 06:53:14,542][__main__][INFO] - Epoch 167 (167/500):
[2025-07-22 06:59:31,165][__main__][INFO] - Train Instance Accuracy: 0.710938
[2025-07-22 07:00:53,944][__main__][INFO] - Test Instance Accuracy: 0.777419, Class Accuracy: 0.739875
[2025-07-22 07:00:53,945][__main__][INFO] - Best Instance Accuracy: 0.799597, Class Accuracy: 0.763636
[2025-07-22 07:00:53,945][__main__][INFO] - Epoch 168 (168/500):
[2025-07-22 07:07:17,682][__main__][INFO] - Train Instance Accuracy: 0.706575
[2025-07-22 07:08:35,305][__main__][INFO] - Test Instance Accuracy: 0.794758, Class Accuracy: 0.750172
[2025-07-22 07:08:35,306][__main__][INFO] - Best Instance Accuracy: 0.799597, Class Accuracy: 0.763636
[2025-07-22 07:08:35,306][__main__][INFO] - Epoch 169 (169/500):
[2025-07-22 07:15:01,428][__main__][INFO] - Train Instance Accuracy: 0.713373
[2025-07-22 07:16:21,357][__main__][INFO] - Test Instance Accuracy: 0.788306, Class Accuracy: 0.751566
[2025-07-22 07:16:21,357][__main__][INFO] - Best Instance Accuracy: 0.799597, Class Accuracy: 0.763636
[2025-07-22 07:16:21,357][__main__][INFO] - Epoch 170 (170/500):
[2025-07-22 07:22:44,529][__main__][INFO] - Train Instance Accuracy: 0.711614
[2025-07-22 07:24:10,432][__main__][INFO] - Test Instance Accuracy: 0.793952, Class Accuracy: 0.768154
[2025-07-22 07:24:10,432][__main__][INFO] - Best Instance Accuracy: 0.799597, Class Accuracy: 0.768154
[2025-07-22 07:24:10,432][__main__][INFO] - Epoch 171 (171/500):
[2025-07-22 07:30:32,144][__main__][INFO] - Train Instance Accuracy: 0.712933
[2025-07-22 07:31:55,464][__main__][INFO] - Test Instance Accuracy: 0.779839, Class Accuracy: 0.740642
[2025-07-22 07:31:55,465][__main__][INFO] - Best Instance Accuracy: 0.799597, Class Accuracy: 0.768154
[2025-07-22 07:31:55,465][__main__][INFO] - Epoch 172 (172/500):
[2025-07-22 07:38:26,497][__main__][INFO] - Train Instance Accuracy: 0.718615
[2025-07-22 07:39:47,177][__main__][INFO] - Test Instance Accuracy: 0.788710, Class Accuracy: 0.740747
[2025-07-22 07:39:47,177][__main__][INFO] - Best Instance Accuracy: 0.799597, Class Accuracy: 0.768154
[2025-07-22 07:39:47,177][__main__][INFO] - Epoch 173 (173/500):
[2025-07-22 07:46:18,278][__main__][INFO] - Train Instance Accuracy: 0.704951
[2025-07-22 07:47:37,179][__main__][INFO] - Test Instance Accuracy: 0.798387, Class Accuracy: 0.757990
[2025-07-22 07:47:37,180][__main__][INFO] - Best Instance Accuracy: 0.799597, Class Accuracy: 0.768154
[2025-07-22 07:47:37,180][__main__][INFO] - Epoch 174 (174/500):
[2025-07-22 07:54:05,564][__main__][INFO] - Train Instance Accuracy: 0.711479
[2025-07-22 07:55:31,859][__main__][INFO] - Test Instance Accuracy: 0.786694, Class Accuracy: 0.745320
[2025-07-22 07:55:31,859][__main__][INFO] - Best Instance Accuracy: 0.799597, Class Accuracy: 0.768154
[2025-07-22 07:55:31,859][__main__][INFO] - Epoch 175 (175/500):
[2025-07-22 08:02:09,863][__main__][INFO] - Train Instance Accuracy: 0.712662
[2025-07-22 08:03:32,149][__main__][INFO] - Test Instance Accuracy: 0.796774, Class Accuracy: 0.753562
[2025-07-22 08:03:32,149][__main__][INFO] - Best Instance Accuracy: 0.799597, Class Accuracy: 0.768154
[2025-07-22 08:03:32,149][__main__][INFO] - Epoch 176 (176/500):
[2025-07-22 08:10:19,481][__main__][INFO] - Train Instance Accuracy: 0.714894
[2025-07-22 08:11:41,251][__main__][INFO] - Test Instance Accuracy: 0.791129, Class Accuracy: 0.746443
[2025-07-22 08:11:41,252][__main__][INFO] - Best Instance Accuracy: 0.799597, Class Accuracy: 0.768154
[2025-07-22 08:11:41,252][__main__][INFO] - Epoch 177 (177/500):
[2025-07-22 08:18:16,223][__main__][INFO] - Train Instance Accuracy: 0.717025
[2025-07-22 08:19:40,513][__main__][INFO] - Test Instance Accuracy: 0.795161, Class Accuracy: 0.749841
[2025-07-22 08:19:40,513][__main__][INFO] - Best Instance Accuracy: 0.799597, Class Accuracy: 0.768154
[2025-07-22 08:19:40,513][__main__][INFO] - Epoch 178 (178/500):
[2025-07-22 08:26:31,489][__main__][INFO] - Train Instance Accuracy: 0.713609
[2025-07-22 08:27:56,601][__main__][INFO] - Test Instance Accuracy: 0.787097, Class Accuracy: 0.749434
[2025-07-22 08:27:56,601][__main__][INFO] - Best Instance Accuracy: 0.799597, Class Accuracy: 0.768154
[2025-07-22 08:27:56,601][__main__][INFO] - Epoch 179 (179/500):
[2025-07-22 08:34:24,013][__main__][INFO] - Train Instance Accuracy: 0.717938
[2025-07-22 08:35:49,445][__main__][INFO] - Test Instance Accuracy: 0.799194, Class Accuracy: 0.754642
[2025-07-22 08:35:49,445][__main__][INFO] - Best Instance Accuracy: 0.799597, Class Accuracy: 0.768154
[2025-07-22 08:35:49,445][__main__][INFO] - Epoch 180 (180/500):
[2025-07-22 08:42:18,280][__main__][INFO] - Train Instance Accuracy: 0.707082
[2025-07-22 08:43:40,083][__main__][INFO] - Test Instance Accuracy: 0.789919, Class Accuracy: 0.753477
[2025-07-22 08:43:40,083][__main__][INFO] - Best Instance Accuracy: 0.799597, Class Accuracy: 0.768154
[2025-07-22 08:43:40,083][__main__][INFO] - Epoch 181 (181/500):
[2025-07-22 08:50:21,711][__main__][INFO] - Train Instance Accuracy: 0.712865
[2025-07-22 08:51:55,940][__main__][INFO] - Test Instance Accuracy: 0.794758, Class Accuracy: 0.750085
[2025-07-22 08:51:55,940][__main__][INFO] - Best Instance Accuracy: 0.799597, Class Accuracy: 0.768154
[2025-07-22 08:51:55,940][__main__][INFO] - Epoch 182 (182/500):
[2025-07-22 08:59:05,158][__main__][INFO] - Train Instance Accuracy: 0.715030
[2025-07-22 09:00:36,120][__main__][INFO] - Test Instance Accuracy: 0.790323, Class Accuracy: 0.749497
[2025-07-22 09:00:36,121][__main__][INFO] - Best Instance Accuracy: 0.799597, Class Accuracy: 0.768154
[2025-07-22 09:00:36,121][__main__][INFO] - Epoch 183 (183/500):
[2025-07-22 09:07:12,993][__main__][INFO] - Train Instance Accuracy: 0.712662
[2025-07-22 09:08:27,464][__main__][INFO] - Test Instance Accuracy: 0.796774, Class Accuracy: 0.752566
[2025-07-22 09:08:27,464][__main__][INFO] - Best Instance Accuracy: 0.799597, Class Accuracy: 0.768154
[2025-07-22 09:08:27,464][__main__][INFO] - Epoch 184 (184/500):
[2025-07-22 09:15:07,914][__main__][INFO] - Train Instance Accuracy: 0.709213
[2025-07-22 09:16:29,242][__main__][INFO] - Test Instance Accuracy: 0.797581, Class Accuracy: 0.754594
[2025-07-22 09:16:29,243][__main__][INFO] - Best Instance Accuracy: 0.799597, Class Accuracy: 0.768154
[2025-07-22 09:16:29,243][__main__][INFO] - Epoch 185 (185/500):
[2025-07-22 09:23:23,684][__main__][INFO] - Train Instance Accuracy: 0.713575
[2025-07-22 09:24:48,724][__main__][INFO] - Test Instance Accuracy: 0.795968, Class Accuracy: 0.752406
[2025-07-22 09:24:48,724][__main__][INFO] - Best Instance Accuracy: 0.799597, Class Accuracy: 0.768154
[2025-07-22 09:24:48,724][__main__][INFO] - Epoch 186 (186/500):
[2025-07-22 09:31:37,613][__main__][INFO] - Train Instance Accuracy: 0.712798
[2025-07-22 09:33:03,032][__main__][INFO] - Test Instance Accuracy: 0.796774, Class Accuracy: 0.756386
[2025-07-22 09:33:03,032][__main__][INFO] - Best Instance Accuracy: 0.799597, Class Accuracy: 0.768154
[2025-07-22 09:33:03,032][__main__][INFO] - Epoch 187 (187/500):
[2025-07-22 09:39:42,057][__main__][INFO] - Train Instance Accuracy: 0.706642
[2025-07-22 09:41:06,162][__main__][INFO] - Test Instance Accuracy: 0.791129, Class Accuracy: 0.742720
[2025-07-22 09:41:06,163][__main__][INFO] - Best Instance Accuracy: 0.799597, Class Accuracy: 0.768154
[2025-07-22 09:41:06,163][__main__][INFO] - Epoch 188 (188/500):
[2025-07-22 09:48:02,945][__main__][INFO] - Train Instance Accuracy: 0.716450
[2025-07-22 09:49:33,613][__main__][INFO] - Test Instance Accuracy: 0.799194, Class Accuracy: 0.749869
[2025-07-22 09:49:33,613][__main__][INFO] - Best Instance Accuracy: 0.799597, Class Accuracy: 0.768154
[2025-07-22 09:49:33,614][__main__][INFO] - Epoch 189 (189/500):
[2025-07-22 09:56:09,435][__main__][INFO] - Train Instance Accuracy: 0.716619
[2025-07-22 09:57:31,523][__main__][INFO] - Test Instance Accuracy: 0.798387, Class Accuracy: 0.753295
[2025-07-22 09:57:31,523][__main__][INFO] - Best Instance Accuracy: 0.799597, Class Accuracy: 0.768154
[2025-07-22 09:57:31,524][__main__][INFO] - Epoch 190 (190/500):
[2025-07-22 10:03:59,590][__main__][INFO] - Train Instance Accuracy: 0.715030
[2025-07-22 10:05:21,897][__main__][INFO] - Test Instance Accuracy: 0.789919, Class Accuracy: 0.754296
[2025-07-22 10:05:21,897][__main__][INFO] - Best Instance Accuracy: 0.799597, Class Accuracy: 0.768154
[2025-07-22 10:05:21,897][__main__][INFO] - Epoch 191 (191/500):
[2025-07-22 10:11:44,857][__main__][INFO] - Train Instance Accuracy: 0.714421
[2025-07-22 10:13:09,135][__main__][INFO] - Test Instance Accuracy: 0.792339, Class Accuracy: 0.750085
[2025-07-22 10:13:09,136][__main__][INFO] - Best Instance Accuracy: 0.799597, Class Accuracy: 0.768154
[2025-07-22 10:13:09,136][__main__][INFO] - Epoch 192 (192/500):
[2025-07-22 10:19:43,069][__main__][INFO] - Train Instance Accuracy: 0.720204
[2025-07-22 10:21:11,174][__main__][INFO] - Generating and logging confusion matrix...
[2025-07-22 10:21:12,806][__main__][INFO] - Save model...
[2025-07-22 10:21:12,812][__main__][INFO] - Test Instance Accuracy: 0.802419, Class Accuracy: 0.756573
[2025-07-22 10:21:12,828][__main__][INFO] - Best Instance Accuracy: 0.802419, Class Accuracy: 0.768154
[2025-07-22 10:21:12,828][__main__][INFO] - Save model...
[2025-07-22 10:21:12,828][__main__][INFO] - Saving at best_model.pth
[2025-07-22 10:21:13,089][__main__][INFO] - Epoch 193 (193/500):
[2025-07-22 10:28:15,909][__main__][INFO] - Train Instance Accuracy: 0.728321
[2025-07-22 10:29:47,067][__main__][INFO] - Generating and logging confusion matrix...
[2025-07-22 10:29:48,559][__main__][INFO] - Save model...
[2025-07-22 10:29:48,570][__main__][INFO] - Test Instance Accuracy: 0.806452, Class Accuracy: 0.759423
[2025-07-22 10:29:48,570][__main__][INFO] - Best Instance Accuracy: 0.806452, Class Accuracy: 0.768154
[2025-07-22 10:29:48,570][__main__][INFO] - Save model...
[2025-07-22 10:29:48,570][__main__][INFO] - Saving at best_model.pth
[2025-07-22 10:29:48,969][__main__][INFO] - Epoch 194 (194/500):
[2025-07-22 10:36:46,107][__main__][INFO] - Train Instance Accuracy: 0.714861
[2025-07-22 10:38:14,192][__main__][INFO] - Test Instance Accuracy: 0.793952, Class Accuracy: 0.749753
[2025-07-22 10:38:14,192][__main__][INFO] - Best Instance Accuracy: 0.806452, Class Accuracy: 0.768154
[2025-07-22 10:38:14,192][__main__][INFO] - Epoch 195 (195/500):
[2025-07-22 10:45:36,376][__main__][INFO] - Train Instance Accuracy: 0.714624
[2025-07-22 10:47:03,534][__main__][INFO] - Test Instance Accuracy: 0.794355, Class Accuracy: 0.755974
[2025-07-22 10:47:03,534][__main__][INFO] - Best Instance Accuracy: 0.806452, Class Accuracy: 0.768154
[2025-07-22 10:47:03,534][__main__][INFO] - Epoch 196 (196/500):
[2025-07-22 10:53:34,899][__main__][INFO] - Train Instance Accuracy: 0.720103
[2025-07-22 10:54:54,120][__main__][INFO] - Test Instance Accuracy: 0.801210, Class Accuracy: 0.757142
[2025-07-22 10:54:54,120][__main__][INFO] - Best Instance Accuracy: 0.806452, Class Accuracy: 0.768154
[2025-07-22 10:54:54,120][__main__][INFO] - Epoch 197 (197/500):
[2025-07-22 11:01:25,731][__main__][INFO] - Train Instance Accuracy: 0.722978
[2025-07-22 11:02:46,649][__main__][INFO] - Test Instance Accuracy: 0.802823, Class Accuracy: 0.754525
[2025-07-22 11:02:46,649][__main__][INFO] - Best Instance Accuracy: 0.806452, Class Accuracy: 0.768154
[2025-07-22 11:02:46,649][__main__][INFO] - Epoch 198 (198/500):
[2025-07-22 11:09:24,453][__main__][INFO] - Train Instance Accuracy: 0.717837
[2025-07-22 11:10:44,693][__main__][INFO] - Test Instance Accuracy: 0.804032, Class Accuracy: 0.752432
[2025-07-22 11:10:44,694][__main__][INFO] - Best Instance Accuracy: 0.806452, Class Accuracy: 0.768154
[2025-07-22 11:10:44,694][__main__][INFO] - Epoch 199 (199/500):
[2025-07-22 11:17:14,699][__main__][INFO] - Train Instance Accuracy: 0.725818
[2025-07-22 11:18:39,447][__main__][INFO] - Test Instance Accuracy: 0.796371, Class Accuracy: 0.759529
[2025-07-22 11:18:39,447][__main__][INFO] - Best Instance Accuracy: 0.806452, Class Accuracy: 0.768154
[2025-07-22 11:18:39,447][__main__][INFO] - Epoch 200 (200/500):
[2025-07-22 11:25:24,218][__main__][INFO] - Train Instance Accuracy: 0.721287
[2025-07-22 11:26:49,654][__main__][INFO] - Generating and logging confusion matrix...
[2025-07-22 11:26:51,212][__main__][INFO] - Save model...
[2025-07-22 11:26:51,229][__main__][INFO] - Test Instance Accuracy: 0.808065, Class Accuracy: 0.758096
[2025-07-22 11:26:51,243][__main__][INFO] - Best Instance Accuracy: 0.808065, Class Accuracy: 0.768154
[2025-07-22 11:26:51,243][__main__][INFO] - Save model...
[2025-07-22 11:26:51,243][__main__][INFO] - Saving at best_model.pth
[2025-07-22 11:26:51,489][__main__][INFO] - Epoch 201 (201/500):
[2025-07-22 11:33:22,854][__main__][INFO] - Train Instance Accuracy: 0.723857
[2025-07-22 11:34:40,388][__main__][INFO] - Test Instance Accuracy: 0.804839, Class Accuracy: 0.760036
[2025-07-22 11:34:40,388][__main__][INFO] - Best Instance Accuracy: 0.808065, Class Accuracy: 0.768154
[2025-07-22 11:34:40,388][__main__][INFO] - Epoch 202 (202/500):
[2025-07-22 11:41:10,672][__main__][INFO] - Train Instance Accuracy: 0.724939
[2025-07-22 11:42:28,852][__main__][INFO] - Test Instance Accuracy: 0.798387, Class Accuracy: 0.759424
[2025-07-22 11:42:28,852][__main__][INFO] - Best Instance Accuracy: 0.808065, Class Accuracy: 0.768154
[2025-07-22 11:42:28,852][__main__][INFO] - Epoch 203 (203/500):
[2025-07-22 11:48:50,187][__main__][INFO] - Train Instance Accuracy: 0.717769
[2025-07-22 11:50:09,320][__main__][INFO] - Test Instance Accuracy: 0.805645, Class Accuracy: 0.766693
[2025-07-22 11:50:09,320][__main__][INFO] - Best Instance Accuracy: 0.808065, Class Accuracy: 0.768154
[2025-07-22 11:50:09,320][__main__][INFO] - Epoch 204 (204/500):
[2025-07-22 11:56:25,545][__main__][INFO] - Train Instance Accuracy: 0.721219
[2025-07-22 11:57:44,937][__main__][INFO] - Test Instance Accuracy: 0.797581, Class Accuracy: 0.758223
[2025-07-22 11:57:44,937][__main__][INFO] - Best Instance Accuracy: 0.808065, Class Accuracy: 0.768154
[2025-07-22 11:57:44,937][__main__][INFO] - Epoch 205 (205/500):
[2025-07-22 12:04:13,563][__main__][INFO] - Train Instance Accuracy: 0.732684
[2025-07-22 12:05:33,689][__main__][INFO] - Test Instance Accuracy: 0.801210, Class Accuracy: 0.758883
[2025-07-22 12:05:33,689][__main__][INFO] - Best Instance Accuracy: 0.808065, Class Accuracy: 0.768154
[2025-07-22 12:05:33,689][__main__][INFO] - Epoch 206 (206/500):
[2025-07-22 12:11:48,622][__main__][INFO] - Train Instance Accuracy: 0.726630
[2025-07-22 12:13:15,183][__main__][INFO] - Test Instance Accuracy: 0.800000, Class Accuracy: 0.759891
[2025-07-22 12:13:15,183][__main__][INFO] - Best Instance Accuracy: 0.808065, Class Accuracy: 0.768154
[2025-07-22 12:13:15,183][__main__][INFO] - Epoch 207 (207/500):
[2025-07-22 12:19:35,538][__main__][INFO] - Train Instance Accuracy: 0.721929
[2025-07-22 12:20:55,293][__main__][INFO] - Test Instance Accuracy: 0.806452, Class Accuracy: 0.765909
[2025-07-22 12:20:55,293][__main__][INFO] - Best Instance Accuracy: 0.808065, Class Accuracy: 0.768154
[2025-07-22 12:20:55,293][__main__][INFO] - Epoch 208 (208/500):
[2025-07-22 12:27:24,638][__main__][INFO] - Train Instance Accuracy: 0.729708
[2025-07-22 12:28:43,887][__main__][INFO] - Test Instance Accuracy: 0.801613, Class Accuracy: 0.771096
[2025-07-22 12:28:43,887][__main__][INFO] - Best Instance Accuracy: 0.808065, Class Accuracy: 0.771096
[2025-07-22 12:28:43,887][__main__][INFO] - Epoch 209 (209/500):
[2025-07-22 12:35:19,157][__main__][INFO] - Train Instance Accuracy: 0.733428
[2025-07-22 12:36:35,976][__main__][INFO] - Generating and logging confusion matrix...
[2025-07-22 12:36:37,209][__main__][INFO] - Save model...
[2025-07-22 12:36:37,240][__main__][INFO] - Test Instance Accuracy: 0.809677, Class Accuracy: 0.760589
[2025-07-22 12:36:37,240][__main__][INFO] - Best Instance Accuracy: 0.809677, Class Accuracy: 0.771096
[2025-07-22 12:36:37,241][__main__][INFO] - Save model...
[2025-07-22 12:36:37,241][__main__][INFO] - Saving at best_model.pth
[2025-07-22 12:36:37,464][__main__][INFO] - Epoch 210 (210/500):
[2025-07-22 12:42:51,227][__main__][INFO] - Train Instance Accuracy: 0.724871
[2025-07-22 12:44:09,380][__main__][INFO] - Test Instance Accuracy: 0.804435, Class Accuracy: 0.761027
[2025-07-22 12:44:09,380][__main__][INFO] - Best Instance Accuracy: 0.809677, Class Accuracy: 0.771096
[2025-07-22 12:44:09,380][__main__][INFO] - Epoch 211 (211/500):
[2025-07-22 12:50:29,853][__main__][INFO] - Train Instance Accuracy: 0.730756
[2025-07-22 12:51:51,322][__main__][INFO] - Test Instance Accuracy: 0.803629, Class Accuracy: 0.765175
[2025-07-22 12:51:51,322][__main__][INFO] - Best Instance Accuracy: 0.809677, Class Accuracy: 0.771096
[2025-07-22 12:51:51,322][__main__][INFO] - Epoch 212 (212/500):
[2025-07-22 12:58:39,279][__main__][INFO] - Train Instance Accuracy: 0.720407
[2025-07-22 13:00:00,854][__main__][INFO] - Test Instance Accuracy: 0.802419, Class Accuracy: 0.763805
[2025-07-22 13:00:00,854][__main__][INFO] - Best Instance Accuracy: 0.809677, Class Accuracy: 0.771096
[2025-07-22 13:00:00,855][__main__][INFO] - Epoch 213 (213/500):
[2025-07-22 13:06:35,338][__main__][INFO] - Train Instance Accuracy: 0.727273
[2025-07-22 13:08:00,960][__main__][INFO] - Test Instance Accuracy: 0.806048, Class Accuracy: 0.764614
[2025-07-22 13:08:00,961][__main__][INFO] - Best Instance Accuracy: 0.809677, Class Accuracy: 0.771096
[2025-07-22 13:08:00,961][__main__][INFO] - Epoch 214 (214/500):
[2025-07-22 13:15:08,025][__main__][INFO] - Train Instance Accuracy: 0.726935
[2025-07-22 13:16:31,920][__main__][INFO] - Test Instance Accuracy: 0.795968, Class Accuracy: 0.758683
[2025-07-22 13:16:31,920][__main__][INFO] - Best Instance Accuracy: 0.809677, Class Accuracy: 0.771096
[2025-07-22 13:16:31,920][__main__][INFO] - Epoch 215 (215/500):
[2025-07-22 13:23:18,887][__main__][INFO] - Train Instance Accuracy: 0.722031
[2025-07-22 13:24:42,634][__main__][INFO] - Test Instance Accuracy: 0.804435, Class Accuracy: 0.762858
[2025-07-22 13:24:42,635][__main__][INFO] - Best Instance Accuracy: 0.809677, Class Accuracy: 0.771096
[2025-07-22 13:24:42,635][__main__][INFO] - Epoch 216 (216/500):
[2025-07-22 13:31:50,752][__main__][INFO] - Train Instance Accuracy: 0.725007
[2025-07-22 13:33:10,995][__main__][INFO] - Test Instance Accuracy: 0.804032, Class Accuracy: 0.763948
[2025-07-22 13:33:10,995][__main__][INFO] - Best Instance Accuracy: 0.809677, Class Accuracy: 0.771096
[2025-07-22 13:33:10,995][__main__][INFO] - Epoch 217 (217/500):
[2025-07-22 13:40:03,810][__main__][INFO] - Train Instance Accuracy: 0.730925
[2025-07-22 13:41:28,122][__main__][INFO] - Test Instance Accuracy: 0.806452, Class Accuracy: 0.766203
[2025-07-22 13:41:28,122][__main__][INFO] - Best Instance Accuracy: 0.809677, Class Accuracy: 0.771096
[2025-07-22 13:41:28,122][__main__][INFO] - Epoch 218 (218/500):
[2025-07-22 13:48:28,079][__main__][INFO] - Train Instance Accuracy: 0.733529
[2025-07-22 13:49:55,133][__main__][INFO] - Generating and logging confusion matrix...
[2025-07-22 13:49:56,775][__main__][INFO] - Save model...
[2025-07-22 13:49:56,793][__main__][INFO] - Test Instance Accuracy: 0.810887, Class Accuracy: 0.771591
[2025-07-22 13:49:56,809][__main__][INFO] - Best Instance Accuracy: 0.810887, Class Accuracy: 0.771591
[2025-07-22 13:49:56,809][__main__][INFO] - Save model...
[2025-07-22 13:49:56,809][__main__][INFO] - Saving at best_model.pth
[2025-07-22 13:49:56,936][__main__][INFO] - Epoch 219 (219/500):
[2025-07-22 13:56:37,811][__main__][INFO] - Train Instance Accuracy: 0.723113
[2025-07-22 13:58:03,793][__main__][INFO] - Test Instance Accuracy: 0.796774, Class Accuracy: 0.753256
[2025-07-22 13:58:03,793][__main__][INFO] - Best Instance Accuracy: 0.810887, Class Accuracy: 0.771591
[2025-07-22 13:58:03,793][__main__][INFO] - Epoch 220 (220/500):
[2025-07-22 14:04:54,601][__main__][INFO] - Train Instance Accuracy: 0.728084
[2025-07-22 14:06:18,821][__main__][INFO] - Test Instance Accuracy: 0.810484, Class Accuracy: 0.769268
[2025-07-22 14:06:18,821][__main__][INFO] - Best Instance Accuracy: 0.810887, Class Accuracy: 0.771591
[2025-07-22 14:06:18,821][__main__][INFO] - Epoch 221 (221/500):
[2025-07-22 14:13:04,370][__main__][INFO] - Train Instance Accuracy: 0.721422
[2025-07-22 14:14:35,674][__main__][INFO] - Test Instance Accuracy: 0.805242, Class Accuracy: 0.763868
[2025-07-22 14:14:35,674][__main__][INFO] - Best Instance Accuracy: 0.810887, Class Accuracy: 0.771591
[2025-07-22 14:14:35,674][__main__][INFO] - Epoch 222 (222/500):
[2025-07-22 14:21:47,538][__main__][INFO] - Train Instance Accuracy: 0.738839
[2025-07-22 14:23:17,607][__main__][INFO] - Generating and logging confusion matrix...
[2025-07-22 14:23:18,990][__main__][INFO] - Save model...
[2025-07-22 14:23:19,004][__main__][INFO] - Test Instance Accuracy: 0.810887, Class Accuracy: 0.771050
[2025-07-22 14:23:19,018][__main__][INFO] - Best Instance Accuracy: 0.810887, Class Accuracy: 0.771591
[2025-07-22 14:23:19,018][__main__][INFO] - Save model...
[2025-07-22 14:23:19,018][__main__][INFO] - Saving at best_model.pth
[2025-07-22 14:23:19,281][__main__][INFO] - Epoch 223 (223/500):
[2025-07-22 14:29:49,896][__main__][INFO] - Train Instance Accuracy: 0.736506
[2025-07-22 14:31:15,254][__main__][INFO] - Test Instance Accuracy: 0.806855, Class Accuracy: 0.779099
[2025-07-22 14:31:15,254][__main__][INFO] - Best Instance Accuracy: 0.810887, Class Accuracy: 0.779099
[2025-07-22 14:31:15,255][__main__][INFO] - Epoch 224 (224/500):
[2025-07-22 14:37:50,633][__main__][INFO] - Train Instance Accuracy: 0.724838
[2025-07-22 14:39:17,813][__main__][INFO] - Test Instance Accuracy: 0.808468, Class Accuracy: 0.767268
[2025-07-22 14:39:17,814][__main__][INFO] - Best Instance Accuracy: 0.810887, Class Accuracy: 0.779099
[2025-07-22 14:39:17,814][__main__][INFO] - Epoch 225 (225/500):
[2025-07-22 14:45:59,666][__main__][INFO] - Train Instance Accuracy: 0.728659
[2025-07-22 14:47:22,445][__main__][INFO] - Test Instance Accuracy: 0.810484, Class Accuracy: 0.763576
[2025-07-22 14:47:22,445][__main__][INFO] - Best Instance Accuracy: 0.810887, Class Accuracy: 0.779099
[2025-07-22 14:47:22,445][__main__][INFO] - Epoch 226 (226/500):
[2025-07-22 14:53:57,075][__main__][INFO] - Train Instance Accuracy: 0.728423
[2025-07-22 14:55:27,210][__main__][INFO] - Test Instance Accuracy: 0.802419, Class Accuracy: 0.757810
[2025-07-22 14:55:27,211][__main__][INFO] - Best Instance Accuracy: 0.810887, Class Accuracy: 0.779099
[2025-07-22 14:55:27,211][__main__][INFO] - Epoch 227 (227/500):
[2025-07-22 15:02:28,022][__main__][INFO] - Train Instance Accuracy: 0.723891
[2025-07-22 15:03:55,139][__main__][INFO] - Test Instance Accuracy: 0.807661, Class Accuracy: 0.766271
[2025-07-22 15:03:55,139][__main__][INFO] - Best Instance Accuracy: 0.810887, Class Accuracy: 0.779099
[2025-07-22 15:03:55,140][__main__][INFO] - Epoch 228 (228/500):
[2025-07-22 15:10:45,682][__main__][INFO] - Train Instance Accuracy: 0.733529
[2025-07-22 15:12:08,999][__main__][INFO] - Test Instance Accuracy: 0.796371, Class Accuracy: 0.752211
[2025-07-22 15:12:08,999][__main__][INFO] - Best Instance Accuracy: 0.810887, Class Accuracy: 0.779099
[2025-07-22 15:12:08,999][__main__][INFO] - Epoch 229 (229/500):
[2025-07-22 15:18:40,465][__main__][INFO] - Train Instance Accuracy: 0.728795
[2025-07-22 15:20:08,495][__main__][INFO] - Test Instance Accuracy: 0.804839, Class Accuracy: 0.755510
[2025-07-22 15:20:08,495][__main__][INFO] - Best Instance Accuracy: 0.810887, Class Accuracy: 0.779099
[2025-07-22 15:20:08,495][__main__][INFO] - Epoch 230 (230/500):
[2025-07-22 15:26:49,056][__main__][INFO] - Train Instance Accuracy: 0.731230
[2025-07-22 15:28:09,229][__main__][INFO] - Test Instance Accuracy: 0.806452, Class Accuracy: 0.767354
[2025-07-22 15:28:09,229][__main__][INFO] - Best Instance Accuracy: 0.810887, Class Accuracy: 0.779099
[2025-07-22 15:28:09,229][__main__][INFO] - Epoch 231 (231/500):
[2025-07-22 15:34:26,310][__main__][INFO] - Train Instance Accuracy: 0.728795
[2025-07-22 15:35:44,263][__main__][INFO] - Test Instance Accuracy: 0.804435, Class Accuracy: 0.770775
[2025-07-22 15:35:44,264][__main__][INFO] - Best Instance Accuracy: 0.810887, Class Accuracy: 0.779099
[2025-07-22 15:35:44,264][__main__][INFO] - Epoch 232 (232/500):
[2025-07-22 15:42:10,509][__main__][INFO] - Train Instance Accuracy: 0.734138
[2025-07-22 15:43:34,279][__main__][INFO] - Test Instance Accuracy: 0.810081, Class Accuracy: 0.762700
[2025-07-22 15:43:34,280][__main__][INFO] - Best Instance Accuracy: 0.810887, Class Accuracy: 0.779099
[2025-07-22 15:43:34,280][__main__][INFO] - Epoch 233 (233/500):
[2025-07-22 15:50:13,519][__main__][INFO] - Train Instance Accuracy: 0.724263
[2025-07-22 15:51:35,430][__main__][INFO] - Test Instance Accuracy: 0.794758, Class Accuracy: 0.749906
[2025-07-22 15:51:35,430][__main__][INFO] - Best Instance Accuracy: 0.810887, Class Accuracy: 0.779099
[2025-07-22 15:51:35,431][__main__][INFO] - Epoch 234 (234/500):
[2025-07-22 15:58:15,139][__main__][INFO] - Train Instance Accuracy: 0.727273
[2025-07-22 15:59:36,279][__main__][INFO] - Test Instance Accuracy: 0.808065, Class Accuracy: 0.762899
[2025-07-22 15:59:36,279][__main__][INFO] - Best Instance Accuracy: 0.810887, Class Accuracy: 0.779099
[2025-07-22 15:59:36,279][__main__][INFO] - Epoch 235 (235/500):
[2025-07-22 16:06:14,147][__main__][INFO] - Train Instance Accuracy: 0.731974
[2025-07-22 16:07:41,640][__main__][INFO] - Test Instance Accuracy: 0.807661, Class Accuracy: 0.762423
[2025-07-22 16:07:41,640][__main__][INFO] - Best Instance Accuracy: 0.810887, Class Accuracy: 0.779099
[2025-07-22 16:07:41,640][__main__][INFO] - Epoch 236 (236/500):
[2025-07-22 16:14:34,952][__main__][INFO] - Train Instance Accuracy: 0.727002
[2025-07-22 16:15:52,579][__main__][INFO] - Test Instance Accuracy: 0.809274, Class Accuracy: 0.770525
[2025-07-22 16:15:52,579][__main__][INFO] - Best Instance Accuracy: 0.810887, Class Accuracy: 0.779099
[2025-07-22 16:15:52,580][__main__][INFO] - Epoch 237 (237/500):
[2025-07-22 16:22:24,708][__main__][INFO] - Train Instance Accuracy: 0.724736
[2025-07-22 16:23:47,412][__main__][INFO] - Test Instance Accuracy: 0.804435, Class Accuracy: 0.765094
[2025-07-22 16:23:47,412][__main__][INFO] - Best Instance Accuracy: 0.810887, Class Accuracy: 0.779099
[2025-07-22 16:23:47,412][__main__][INFO] - Epoch 238 (238/500):
[2025-07-22 16:30:11,400][__main__][INFO] - Train Instance Accuracy: 0.732684
[2025-07-22 16:31:30,187][__main__][INFO] - Generating and logging confusion matrix...
[2025-07-22 16:31:31,391][__main__][INFO] - Save model...
[2025-07-22 16:31:31,405][__main__][INFO] - Test Instance Accuracy: 0.813306, Class Accuracy: 0.766625
[2025-07-22 16:31:31,419][__main__][INFO] - Best Instance Accuracy: 0.813306, Class Accuracy: 0.779099
[2025-07-22 16:31:31,419][__main__][INFO] - Save model...
[2025-07-22 16:31:31,419][__main__][INFO] - Saving at best_model.pth
[2025-07-22 16:31:31,797][__main__][INFO] - Epoch 239 (239/500):
[2025-07-22 16:37:51,631][__main__][INFO] - Train Instance Accuracy: 0.725244
[2025-07-22 16:39:13,085][__main__][INFO] - Test Instance Accuracy: 0.801613, Class Accuracy: 0.756591
[2025-07-22 16:39:13,085][__main__][INFO] - Best Instance Accuracy: 0.813306, Class Accuracy: 0.779099
[2025-07-22 16:39:13,085][__main__][INFO] - Epoch 240 (240/500):
[2025-07-22 16:45:51,954][__main__][INFO] - Train Instance Accuracy: 0.730959
[2025-07-22 16:47:17,552][__main__][INFO] - Test Instance Accuracy: 0.795161, Class Accuracy: 0.759935
[2025-07-22 16:47:17,552][__main__][INFO] - Best Instance Accuracy: 0.813306, Class Accuracy: 0.779099
[2025-07-22 16:47:17,552][__main__][INFO] - Epoch 241 (241/500):
[2025-07-22 16:54:02,731][__main__][INFO] - Train Instance Accuracy: 0.729234
[2025-07-22 16:55:24,168][__main__][INFO] - Test Instance Accuracy: 0.808065, Class Accuracy: 0.763844
[2025-07-22 16:55:24,168][__main__][INFO] - Best Instance Accuracy: 0.813306, Class Accuracy: 0.779099
[2025-07-22 16:55:24,168][__main__][INFO] - Epoch 242 (242/500):
[2025-07-22 17:02:11,271][__main__][INFO] - Train Instance Accuracy: 0.727881
[2025-07-22 17:03:38,839][__main__][INFO] - Test Instance Accuracy: 0.796774, Class Accuracy: 0.755726
[2025-07-22 17:03:38,839][__main__][INFO] - Best Instance Accuracy: 0.813306, Class Accuracy: 0.779099
[2025-07-22 17:03:38,839][__main__][INFO] - Epoch 243 (243/500):
[2025-07-22 17:10:16,820][__main__][INFO] - Train Instance Accuracy: 0.727746
[2025-07-22 17:11:36,426][__main__][INFO] - Test Instance Accuracy: 0.806452, Class Accuracy: 0.757261
[2025-07-22 17:11:36,426][__main__][INFO] - Best Instance Accuracy: 0.813306, Class Accuracy: 0.779099
[2025-07-22 17:11:36,427][__main__][INFO] - Epoch 244 (244/500):
[2025-07-22 17:18:02,949][__main__][INFO] - Train Instance Accuracy: 0.728287
[2025-07-22 17:19:23,245][__main__][INFO] - Test Instance Accuracy: 0.809677, Class Accuracy: 0.761177
[2025-07-22 17:19:23,245][__main__][INFO] - Best Instance Accuracy: 0.813306, Class Accuracy: 0.779099
[2025-07-22 17:19:23,245][__main__][INFO] - Epoch 245 (245/500):
[2025-07-22 17:25:42,990][__main__][INFO] - Train Instance Accuracy: 0.724939
[2025-07-22 17:27:00,021][__main__][INFO] - Test Instance Accuracy: 0.811694, Class Accuracy: 0.766679
[2025-07-22 17:27:00,021][__main__][INFO] - Best Instance Accuracy: 0.813306, Class Accuracy: 0.779099
[2025-07-22 17:27:00,021][__main__][INFO] - Epoch 246 (246/500):
[2025-07-22 17:33:22,810][__main__][INFO] - Train Instance Accuracy: 0.733496
[2025-07-22 17:34:42,275][__main__][INFO] - Test Instance Accuracy: 0.805645, Class Accuracy: 0.758172
[2025-07-22 17:34:42,275][__main__][INFO] - Best Instance Accuracy: 0.813306, Class Accuracy: 0.779099
[2025-07-22 17:34:42,275][__main__][INFO] - Epoch 247 (247/500):
[2025-07-22 17:41:17,042][__main__][INFO] - Train Instance Accuracy: 0.730621
[2025-07-22 17:42:34,696][__main__][INFO] - Generating and logging confusion matrix...
[2025-07-22 17:42:36,249][__main__][INFO] - Save model...
[2025-07-22 17:42:36,263][__main__][INFO] - Test Instance Accuracy: 0.815726, Class Accuracy: 0.773480
[2025-07-22 17:42:36,263][__main__][INFO] - Best Instance Accuracy: 0.815726, Class Accuracy: 0.779099
[2025-07-22 17:42:36,263][__main__][INFO] - Save model...
[2025-07-22 17:42:36,263][__main__][INFO] - Saving at best_model.pth
[2025-07-22 17:42:36,566][__main__][INFO] - Epoch 248 (248/500):
[2025-07-22 17:49:18,020][__main__][INFO] - Train Instance Accuracy: 0.724229
[2025-07-22 17:50:39,833][__main__][INFO] - Test Instance Accuracy: 0.800403, Class Accuracy: 0.763055
[2025-07-22 17:50:39,833][__main__][INFO] - Best Instance Accuracy: 0.815726, Class Accuracy: 0.779099
[2025-07-22 17:50:39,833][__main__][INFO] - Epoch 249 (249/500):
[2025-07-22 17:57:12,470][__main__][INFO] - Train Instance Accuracy: 0.731568
[2025-07-22 17:58:33,809][__main__][INFO] - Test Instance Accuracy: 0.800000, Class Accuracy: 0.759724
[2025-07-22 17:58:33,810][__main__][INFO] - Best Instance Accuracy: 0.815726, Class Accuracy: 0.779099
[2025-07-22 17:58:33,810][__main__][INFO] - Epoch 250 (250/500):
[2025-07-22 18:05:08,262][__main__][INFO] - Train Instance Accuracy: 0.725649
[2025-07-22 18:06:29,319][__main__][INFO] - Test Instance Accuracy: 0.808871, Class Accuracy: 0.761811
[2025-07-22 18:06:29,320][__main__][INFO] - Best Instance Accuracy: 0.815726, Class Accuracy: 0.779099
[2025-07-22 18:06:29,320][__main__][INFO] - Epoch 251 (251/500):
[2025-07-22 18:12:44,413][__main__][INFO] - Train Instance Accuracy: 0.728389
[2025-07-22 18:14:03,910][__main__][INFO] - Test Instance Accuracy: 0.806452, Class Accuracy: 0.768527
[2025-07-22 18:14:03,911][__main__][INFO] - Best Instance Accuracy: 0.815726, Class Accuracy: 0.779099
[2025-07-22 18:14:03,911][__main__][INFO] - Epoch 252 (252/500):
[2025-07-22 18:20:31,881][__main__][INFO] - Train Instance Accuracy: 0.732718
[2025-07-22 18:21:55,497][__main__][INFO] - Test Instance Accuracy: 0.794758, Class Accuracy: 0.759506
[2025-07-22 18:21:55,498][__main__][INFO] - Best Instance Accuracy: 0.815726, Class Accuracy: 0.779099
[2025-07-22 18:21:55,498][__main__][INFO] - Epoch 253 (253/500):
[2025-07-22 18:28:34,932][__main__][INFO] - Train Instance Accuracy: 0.727712
[2025-07-22 18:30:05,367][__main__][INFO] - Test Instance Accuracy: 0.793548, Class Accuracy: 0.753201
[2025-07-22 18:30:05,367][__main__][INFO] - Best Instance Accuracy: 0.815726, Class Accuracy: 0.779099
[2025-07-22 18:30:05,367][__main__][INFO] - Epoch 254 (254/500):
[2025-07-22 18:36:49,425][__main__][INFO] - Train Instance Accuracy: 0.731264
[2025-07-22 18:38:13,546][__main__][INFO] - Test Instance Accuracy: 0.803226, Class Accuracy: 0.751507
[2025-07-22 18:38:13,546][__main__][INFO] - Best Instance Accuracy: 0.815726, Class Accuracy: 0.779099
[2025-07-22 18:38:13,546][__main__][INFO] - Epoch 255 (255/500):
[2025-07-22 18:44:53,610][__main__][INFO] - Train Instance Accuracy: 0.731636
[2025-07-22 18:46:18,178][__main__][INFO] - Test Instance Accuracy: 0.802823, Class Accuracy: 0.763772
[2025-07-22 18:46:18,178][__main__][INFO] - Best Instance Accuracy: 0.815726, Class Accuracy: 0.779099
[2025-07-22 18:46:18,178][__main__][INFO] - Epoch 256 (256/500):
[2025-07-22 18:52:55,717][__main__][INFO] - Train Instance Accuracy: 0.734781
[2025-07-22 18:54:18,802][__main__][INFO] - Test Instance Accuracy: 0.806855, Class Accuracy: 0.775126
[2025-07-22 18:54:18,802][__main__][INFO] - Best Instance Accuracy: 0.815726, Class Accuracy: 0.779099
[2025-07-22 18:54:18,802][__main__][INFO] - Epoch 257 (257/500):
[2025-07-22 19:00:40,887][__main__][INFO] - Train Instance Accuracy: 0.733969
[2025-07-22 19:02:02,739][__main__][INFO] - Test Instance Accuracy: 0.807661, Class Accuracy: 0.769064
[2025-07-22 19:02:02,740][__main__][INFO] - Best Instance Accuracy: 0.815726, Class Accuracy: 0.779099
[2025-07-22 19:02:02,740][__main__][INFO] - Epoch 258 (258/500):
[2025-07-22 19:08:25,866][__main__][INFO] - Train Instance Accuracy: 0.733496
[2025-07-22 19:09:46,020][__main__][INFO] - Test Instance Accuracy: 0.807258, Class Accuracy: 0.765702
[2025-07-22 19:09:46,020][__main__][INFO] - Best Instance Accuracy: 0.815726, Class Accuracy: 0.779099
[2025-07-22 19:09:46,020][__main__][INFO] - Epoch 259 (259/500):
[2025-07-22 19:16:02,919][__main__][INFO] - Train Instance Accuracy: 0.738569
[2025-07-22 19:17:23,675][__main__][INFO] - Test Instance Accuracy: 0.812097, Class Accuracy: 0.765674
[2025-07-22 19:17:23,675][__main__][INFO] - Best Instance Accuracy: 0.815726, Class Accuracy: 0.779099
[2025-07-22 19:17:23,675][__main__][INFO] - Epoch 260 (260/500):
[2025-07-22 19:23:55,819][__main__][INFO] - Train Instance Accuracy: 0.733022
[2025-07-22 19:25:20,068][__main__][INFO] - Test Instance Accuracy: 0.802419, Class Accuracy: 0.761413
[2025-07-22 19:25:20,068][__main__][INFO] - Best Instance Accuracy: 0.815726, Class Accuracy: 0.779099
[2025-07-22 19:25:20,069][__main__][INFO] - Epoch 261 (261/500):
[2025-07-22 19:32:20,244][__main__][INFO] - Train Instance Accuracy: 0.731365
[2025-07-22 19:33:41,212][__main__][INFO] - Test Instance Accuracy: 0.802016, Class Accuracy: 0.765103
[2025-07-22 19:33:41,212][__main__][INFO] - Best Instance Accuracy: 0.815726, Class Accuracy: 0.779099
[2025-07-22 19:33:41,212][__main__][INFO] - Epoch 262 (262/500):
[2025-07-22 19:40:09,380][__main__][INFO] - Train Instance Accuracy: 0.729539
[2025-07-22 19:41:32,153][__main__][INFO] - Test Instance Accuracy: 0.810081, Class Accuracy: 0.766476
[2025-07-22 19:41:32,153][__main__][INFO] - Best Instance Accuracy: 0.815726, Class Accuracy: 0.779099
[2025-07-22 19:41:32,153][__main__][INFO] - Epoch 263 (263/500):
[2025-07-22 19:48:02,305][__main__][INFO] - Train Instance Accuracy: 0.734578
[2025-07-22 19:49:24,308][__main__][INFO] - Test Instance Accuracy: 0.800403, Class Accuracy: 0.751208
[2025-07-22 19:49:24,308][__main__][INFO] - Best Instance Accuracy: 0.815726, Class Accuracy: 0.779099
[2025-07-22 19:49:24,308][__main__][INFO] - Epoch 264 (264/500):
[2025-07-22 19:56:10,324][__main__][INFO] - Train Instance Accuracy: 0.732447
[2025-07-22 19:57:35,037][__main__][INFO] - Test Instance Accuracy: 0.807661, Class Accuracy: 0.771035
[2025-07-22 19:57:35,037][__main__][INFO] - Best Instance Accuracy: 0.815726, Class Accuracy: 0.779099
[2025-07-22 19:57:35,038][__main__][INFO] - Epoch 265 (265/500):
[2025-07-22 20:04:34,466][__main__][INFO] - Train Instance Accuracy: 0.727408
[2025-07-22 20:05:59,478][__main__][INFO] - Test Instance Accuracy: 0.807258, Class Accuracy: 0.763493
[2025-07-22 20:05:59,479][__main__][INFO] - Best Instance Accuracy: 0.815726, Class Accuracy: 0.779099
[2025-07-22 20:05:59,479][__main__][INFO] - Epoch 266 (266/500):
[2025-07-22 20:13:04,794][__main__][INFO] - Train Instance Accuracy: 0.730553
[2025-07-22 20:14:35,936][__main__][INFO] - Test Instance Accuracy: 0.809677, Class Accuracy: 0.770800
[2025-07-22 20:14:35,936][__main__][INFO] - Best Instance Accuracy: 0.815726, Class Accuracy: 0.779099
[2025-07-22 20:14:35,936][__main__][INFO] - Epoch 267 (267/500):
[2025-07-22 20:21:39,586][__main__][INFO] - Train Instance Accuracy: 0.733090
[2025-07-22 20:23:01,776][__main__][INFO] - Test Instance Accuracy: 0.806048, Class Accuracy: 0.761496
[2025-07-22 20:23:01,776][__main__][INFO] - Best Instance Accuracy: 0.815726, Class Accuracy: 0.779099
[2025-07-22 20:23:01,777][__main__][INFO] - Epoch 268 (268/500):
[2025-07-22 20:29:56,718][__main__][INFO] - Train Instance Accuracy: 0.734003
[2025-07-22 20:31:19,489][__main__][INFO] - Generating and logging confusion matrix...
[2025-07-22 20:31:20,648][__main__][INFO] - Save model...
[2025-07-22 20:31:20,668][__main__][INFO] - Test Instance Accuracy: 0.815726, Class Accuracy: 0.766484
[2025-07-22 20:31:20,668][__main__][INFO] - Best Instance Accuracy: 0.815726, Class Accuracy: 0.779099
[2025-07-22 20:31:20,668][__main__][INFO] - Save model...
[2025-07-22 20:31:20,668][__main__][INFO] - Saving at best_model.pth
[2025-07-22 20:31:20,937][__main__][INFO] - Epoch 269 (269/500):
[2025-07-22 20:38:01,613][__main__][INFO] - Train Instance Accuracy: 0.736134
[2025-07-22 20:39:29,807][__main__][INFO] - Test Instance Accuracy: 0.806048, Class Accuracy: 0.765710
[2025-07-22 20:39:29,807][__main__][INFO] - Best Instance Accuracy: 0.815726, Class Accuracy: 0.779099
[2025-07-22 20:39:29,807][__main__][INFO] - Epoch 270 (270/500):
[2025-07-22 20:46:35,277][__main__][INFO] - Train Instance Accuracy: 0.734206
[2025-07-22 20:48:10,263][__main__][INFO] - Test Instance Accuracy: 0.805645, Class Accuracy: 0.762207
[2025-07-22 20:48:10,264][__main__][INFO] - Best Instance Accuracy: 0.815726, Class Accuracy: 0.779099
[2025-07-22 20:48:10,264][__main__][INFO] - Epoch 271 (271/500):
[2025-07-22 20:55:02,780][__main__][INFO] - Train Instance Accuracy: 0.736032
[2025-07-22 20:56:21,870][__main__][INFO] - Test Instance Accuracy: 0.808871, Class Accuracy: 0.761344
[2025-07-22 20:56:21,870][__main__][INFO] - Best Instance Accuracy: 0.815726, Class Accuracy: 0.779099
[2025-07-22 20:56:21,870][__main__][INFO] - Epoch 272 (272/500):
[2025-07-22 21:03:09,509][__main__][INFO] - Train Instance Accuracy: 0.736370
[2025-07-22 21:04:32,260][__main__][INFO] - Test Instance Accuracy: 0.810887, Class Accuracy: 0.773059
[2025-07-22 21:04:32,261][__main__][INFO] - Best Instance Accuracy: 0.815726, Class Accuracy: 0.779099
[2025-07-22 21:04:32,261][__main__][INFO] - Epoch 273 (273/500):
[2025-07-22 21:11:19,971][__main__][INFO] - Train Instance Accuracy: 0.729505
[2025-07-22 21:12:42,123][__main__][INFO] - Test Instance Accuracy: 0.806452, Class Accuracy: 0.764901
[2025-07-22 21:12:42,123][__main__][INFO] - Best Instance Accuracy: 0.815726, Class Accuracy: 0.779099
[2025-07-22 21:12:42,123][__main__][INFO] - Epoch 274 (274/500):
[2025-07-22 21:19:31,480][__main__][INFO] - Train Instance Accuracy: 0.725852
[2025-07-22 21:20:58,213][__main__][INFO] - Test Instance Accuracy: 0.806452, Class Accuracy: 0.770876
[2025-07-22 21:20:58,213][__main__][INFO] - Best Instance Accuracy: 0.815726, Class Accuracy: 0.779099
[2025-07-22 21:20:58,213][__main__][INFO] - Epoch 275 (275/500):
[2025-07-22 21:27:47,219][__main__][INFO] - Train Instance Accuracy: 0.735288
[2025-07-22 21:29:20,016][__main__][INFO] - Test Instance Accuracy: 0.798790, Class Accuracy: 0.761948
[2025-07-22 21:29:20,016][__main__][INFO] - Best Instance Accuracy: 0.815726, Class Accuracy: 0.779099
[2025-07-22 21:29:20,016][__main__][INFO] - Epoch 276 (276/500):
[2025-07-22 21:36:05,056][__main__][INFO] - Train Instance Accuracy: 0.737486
[2025-07-22 21:37:30,557][__main__][INFO] - Test Instance Accuracy: 0.793548, Class Accuracy: 0.754386
[2025-07-22 21:37:30,557][__main__][INFO] - Best Instance Accuracy: 0.815726, Class Accuracy: 0.779099
[2025-07-22 21:37:30,557][__main__][INFO] - Epoch 277 (277/500):
[2025-07-22 21:44:12,019][__main__][INFO] - Train Instance Accuracy: 0.736032
[2025-07-22 21:45:35,882][__main__][INFO] - Test Instance Accuracy: 0.802419, Class Accuracy: 0.761052
[2025-07-22 21:45:35,882][__main__][INFO] - Best Instance Accuracy: 0.815726, Class Accuracy: 0.779099
[2025-07-22 21:45:35,882][__main__][INFO] - Epoch 278 (278/500):
[2025-07-22 21:52:21,589][__main__][INFO] - Train Instance Accuracy: 0.734646
[2025-07-22 21:53:45,250][__main__][INFO] - Test Instance Accuracy: 0.803226, Class Accuracy: 0.756946
[2025-07-22 21:53:45,250][__main__][INFO] - Best Instance Accuracy: 0.815726, Class Accuracy: 0.779099
[2025-07-22 21:53:45,250][__main__][INFO] - Epoch 279 (279/500):
[2025-07-22 22:00:41,823][__main__][INFO] - Train Instance Accuracy: 0.732481
[2025-07-22 22:02:13,379][__main__][INFO] - Test Instance Accuracy: 0.802016, Class Accuracy: 0.755116
[2025-07-22 22:02:13,379][__main__][INFO] - Best Instance Accuracy: 0.815726, Class Accuracy: 0.779099
[2025-07-22 22:02:13,379][__main__][INFO] - Epoch 280 (280/500):
[2025-07-22 22:09:08,856][__main__][INFO] - Train Instance Accuracy: 0.732515
[2025-07-22 22:10:30,259][__main__][INFO] - Test Instance Accuracy: 0.808065, Class Accuracy: 0.763578
[2025-07-22 22:10:30,259][__main__][INFO] - Best Instance Accuracy: 0.815726, Class Accuracy: 0.779099
[2025-07-22 22:10:30,259][__main__][INFO] - Epoch 281 (281/500):
[2025-07-22 22:16:51,113][__main__][INFO] - Train Instance Accuracy: 0.726360
[2025-07-22 22:18:13,027][__main__][INFO] - Test Instance Accuracy: 0.810484, Class Accuracy: 0.761725
[2025-07-22 22:18:13,028][__main__][INFO] - Best Instance Accuracy: 0.815726, Class Accuracy: 0.779099
[2025-07-22 22:18:13,028][__main__][INFO] - Epoch 282 (282/500):
[2025-07-22 22:24:28,443][__main__][INFO] - Train Instance Accuracy: 0.736404
[2025-07-22 22:25:48,759][__main__][INFO] - Test Instance Accuracy: 0.804032, Class Accuracy: 0.759936
[2025-07-22 22:25:48,759][__main__][INFO] - Best Instance Accuracy: 0.815726, Class Accuracy: 0.779099
[2025-07-22 22:25:48,760][__main__][INFO] - Epoch 283 (283/500):
[2025-07-22 22:32:25,648][__main__][INFO] - Train Instance Accuracy: 0.729437
[2025-07-22 22:33:51,656][__main__][INFO] - Test Instance Accuracy: 0.804839, Class Accuracy: 0.764285
[2025-07-22 22:33:51,656][__main__][INFO] - Best Instance Accuracy: 0.815726, Class Accuracy: 0.779099
[2025-07-22 22:33:51,657][__main__][INFO] - Epoch 284 (284/500):
[2025-07-22 22:40:17,668][__main__][INFO] - Train Instance Accuracy: 0.724466
[2025-07-22 22:41:40,876][__main__][INFO] - Test Instance Accuracy: 0.798790, Class Accuracy: 0.758848
[2025-07-22 22:41:40,876][__main__][INFO] - Best Instance Accuracy: 0.815726, Class Accuracy: 0.779099
[2025-07-22 22:41:40,876][__main__][INFO] - Epoch 285 (285/500):
[2025-07-22 22:48:01,340][__main__][INFO] - Train Instance Accuracy: 0.730655
[2025-07-22 22:49:22,129][__main__][INFO] - Test Instance Accuracy: 0.812097, Class Accuracy: 0.766960
[2025-07-22 22:49:22,130][__main__][INFO] - Best Instance Accuracy: 0.815726, Class Accuracy: 0.779099
[2025-07-22 22:49:22,130][__main__][INFO] - Epoch 286 (286/500):
[2025-07-22 22:56:06,588][__main__][INFO] - Train Instance Accuracy: 0.731636
[2025-07-22 22:57:32,206][__main__][INFO] - Test Instance Accuracy: 0.808468, Class Accuracy: 0.770715
[2025-07-22 22:57:32,206][__main__][INFO] - Best Instance Accuracy: 0.815726, Class Accuracy: 0.779099
[2025-07-22 22:57:32,206][__main__][INFO] - Epoch 287 (287/500):
[2025-07-22 23:04:05,434][__main__][INFO] - Train Instance Accuracy: 0.734476
[2025-07-22 23:05:28,049][__main__][INFO] - Test Instance Accuracy: 0.800000, Class Accuracy: 0.754307
[2025-07-22 23:05:28,049][__main__][INFO] - Best Instance Accuracy: 0.815726, Class Accuracy: 0.779099
[2025-07-22 23:05:28,049][__main__][INFO] - Epoch 288 (288/500):
[2025-07-22 23:12:25,142][__main__][INFO] - Train Instance Accuracy: 0.731061
[2025-07-22 23:13:48,585][__main__][INFO] - Test Instance Accuracy: 0.796774, Class Accuracy: 0.763396
[2025-07-22 23:13:48,585][__main__][INFO] - Best Instance Accuracy: 0.815726, Class Accuracy: 0.779099
[2025-07-22 23:13:48,585][__main__][INFO] - Epoch 289 (289/500):
[2025-07-22 23:20:07,674][__main__][INFO] - Train Instance Accuracy: 0.729742
[2025-07-22 23:21:25,751][__main__][INFO] - Test Instance Accuracy: 0.806452, Class Accuracy: 0.758552
[2025-07-22 23:21:25,751][__main__][INFO] - Best Instance Accuracy: 0.815726, Class Accuracy: 0.779099
[2025-07-22 23:21:25,752][__main__][INFO] - Epoch 290 (290/500):
[2025-07-22 23:27:50,094][__main__][INFO] - Train Instance Accuracy: 0.734950
[2025-07-22 23:29:09,243][__main__][INFO] - Test Instance Accuracy: 0.809677, Class Accuracy: 0.768204
[2025-07-22 23:29:09,243][__main__][INFO] - Best Instance Accuracy: 0.815726, Class Accuracy: 0.779099
[2025-07-22 23:29:09,243][__main__][INFO] - Epoch 291 (291/500):
[2025-07-22 23:35:29,018][__main__][INFO] - Train Instance Accuracy: 0.736742
[2025-07-22 23:36:49,359][__main__][INFO] - Test Instance Accuracy: 0.811290, Class Accuracy: 0.768626
[2025-07-22 23:36:49,359][__main__][INFO] - Best Instance Accuracy: 0.815726, Class Accuracy: 0.779099
[2025-07-22 23:36:49,359][__main__][INFO] - Epoch 292 (292/500):
[2025-07-22 23:43:13,810][__main__][INFO] - Train Instance Accuracy: 0.731872
[2025-07-22 23:44:33,376][__main__][INFO] - Test Instance Accuracy: 0.803226, Class Accuracy: 0.765787
[2025-07-22 23:44:33,376][__main__][INFO] - Best Instance Accuracy: 0.815726, Class Accuracy: 0.779099
[2025-07-22 23:44:33,376][__main__][INFO] - Epoch 293 (293/500):
[2025-07-22 23:51:12,238][__main__][INFO] - Train Instance Accuracy: 0.733563
[2025-07-22 23:52:37,918][__main__][INFO] - Test Instance Accuracy: 0.800806, Class Accuracy: 0.757133
[2025-07-22 23:52:37,918][__main__][INFO] - Best Instance Accuracy: 0.815726, Class Accuracy: 0.779099
[2025-07-22 23:52:37,918][__main__][INFO] - Epoch 294 (294/500):
[2025-07-22 23:59:10,459][__main__][INFO] - Train Instance Accuracy: 0.734882
[2025-07-23 00:00:28,932][__main__][INFO] - Test Instance Accuracy: 0.809274, Class Accuracy: 0.767659
[2025-07-23 00:00:28,932][__main__][INFO] - Best Instance Accuracy: 0.815726, Class Accuracy: 0.779099
[2025-07-23 00:00:28,933][__main__][INFO] - Epoch 295 (295/500):
[2025-07-23 00:07:16,211][__main__][INFO] - Train Instance Accuracy: 0.737757
[2025-07-23 00:08:33,494][__main__][INFO] - Test Instance Accuracy: 0.804839, Class Accuracy: 0.761121
[2025-07-23 00:08:33,494][__main__][INFO] - Best Instance Accuracy: 0.815726, Class Accuracy: 0.779099
[2025-07-23 00:08:33,494][__main__][INFO] - Epoch 296 (296/500):
[2025-07-23 00:15:10,957][__main__][INFO] - Train Instance Accuracy: 0.731703
[2025-07-23 00:16:30,155][__main__][INFO] - Test Instance Accuracy: 0.803629, Class Accuracy: 0.755615
[2025-07-23 00:16:30,155][__main__][INFO] - Best Instance Accuracy: 0.815726, Class Accuracy: 0.779099
[2025-07-23 00:16:30,155][__main__][INFO] - Epoch 297 (297/500):
[2025-07-23 00:23:00,496][__main__][INFO] - Train Instance Accuracy: 0.731534
[2025-07-23 00:24:18,262][__main__][INFO] - Test Instance Accuracy: 0.811290, Class Accuracy: 0.767010
[2025-07-23 00:24:18,263][__main__][INFO] - Best Instance Accuracy: 0.815726, Class Accuracy: 0.779099
[2025-07-23 00:24:18,263][__main__][INFO] - Epoch 298 (298/500):
[2025-07-23 00:30:43,416][__main__][INFO] - Train Instance Accuracy: 0.729133
[2025-07-23 00:32:09,961][__main__][INFO] - Test Instance Accuracy: 0.813306, Class Accuracy: 0.768044
[2025-07-23 00:32:09,961][__main__][INFO] - Best Instance Accuracy: 0.815726, Class Accuracy: 0.779099
[2025-07-23 00:32:09,961][__main__][INFO] - Epoch 299 (299/500):
[2025-07-23 00:39:03,018][__main__][INFO] - Train Instance Accuracy: 0.734713
[2025-07-23 00:40:27,089][__main__][INFO] - Test Instance Accuracy: 0.810081, Class Accuracy: 0.767791
[2025-07-23 00:40:27,089][__main__][INFO] - Best Instance Accuracy: 0.815726, Class Accuracy: 0.779099
[2025-07-23 00:40:27,090][__main__][INFO] - Epoch 300 (300/500):
[2025-07-23 00:47:16,229][__main__][INFO] - Train Instance Accuracy: 0.737385
[2025-07-23 00:48:40,815][__main__][INFO] - Test Instance Accuracy: 0.799194, Class Accuracy: 0.755719
[2025-07-23 00:48:40,815][__main__][INFO] - Best Instance Accuracy: 0.815726, Class Accuracy: 0.779099
[2025-07-23 00:48:40,815][__main__][INFO] - Epoch 301 (301/500):
[2025-07-23 00:55:26,066][__main__][INFO] - Train Instance Accuracy: 0.733800
[2025-07-23 00:56:44,317][__main__][INFO] - Test Instance Accuracy: 0.812903, Class Accuracy: 0.774689
[2025-07-23 00:56:44,317][__main__][INFO] - Best Instance Accuracy: 0.815726, Class Accuracy: 0.779099
[2025-07-23 00:56:44,318][__main__][INFO] - Epoch 302 (302/500):
[2025-07-23 01:03:21,852][__main__][INFO] - Train Instance Accuracy: 0.735931
[2025-07-23 01:04:46,450][__main__][INFO] - Test Instance Accuracy: 0.812903, Class Accuracy: 0.765554
[2025-07-23 01:04:46,450][__main__][INFO] - Best Instance Accuracy: 0.815726, Class Accuracy: 0.779099
[2025-07-23 01:04:46,450][__main__][INFO] - Epoch 303 (303/500):
[2025-07-23 01:11:36,818][__main__][INFO] - Train Instance Accuracy: 0.731365
[2025-07-23 01:13:13,604][__main__][INFO] - Test Instance Accuracy: 0.805645, Class Accuracy: 0.760141
[2025-07-23 01:13:13,605][__main__][INFO] - Best Instance Accuracy: 0.815726, Class Accuracy: 0.779099
[2025-07-23 01:13:13,605][__main__][INFO] - Epoch 304 (304/500):
[2025-07-23 01:20:02,209][__main__][INFO] - Train Instance Accuracy: 0.738907
[2025-07-23 01:21:24,934][__main__][INFO] - Test Instance Accuracy: 0.807661, Class Accuracy: 0.758371
[2025-07-23 01:21:24,935][__main__][INFO] - Best Instance Accuracy: 0.815726, Class Accuracy: 0.779099
[2025-07-23 01:21:24,935][__main__][INFO] - Epoch 305 (305/500):
[2025-07-23 01:28:01,757][__main__][INFO] - Train Instance Accuracy: 0.738839
[2025-07-23 01:29:31,854][__main__][INFO] - Test Instance Accuracy: 0.811694, Class Accuracy: 0.771358
[2025-07-23 01:29:31,855][__main__][INFO] - Best Instance Accuracy: 0.815726, Class Accuracy: 0.779099
[2025-07-23 01:29:31,855][__main__][INFO] - Epoch 306 (306/500):
[2025-07-23 01:36:12,792][__main__][INFO] - Train Instance Accuracy: 0.739550
[2025-07-23 01:37:39,793][__main__][INFO] - Test Instance Accuracy: 0.809274, Class Accuracy: 0.761380
[2025-07-23 01:37:39,793][__main__][INFO] - Best Instance Accuracy: 0.815726, Class Accuracy: 0.779099
[2025-07-23 01:37:39,793][__main__][INFO] - Epoch 307 (307/500):
[2025-07-23 01:44:07,765][__main__][INFO] - Train Instance Accuracy: 0.734409
[2025-07-23 01:45:31,775][__main__][INFO] - Test Instance Accuracy: 0.809274, Class Accuracy: 0.765340
[2025-07-23 01:45:31,775][__main__][INFO] - Best Instance Accuracy: 0.815726, Class Accuracy: 0.779099
[2025-07-23 01:45:31,775][__main__][INFO] - Epoch 308 (308/500):
[2025-07-23 01:52:06,350][__main__][INFO] - Train Instance Accuracy: 0.735187
[2025-07-23 01:53:30,323][__main__][INFO] - Test Instance Accuracy: 0.806048, Class Accuracy: 0.765750
[2025-07-23 01:53:30,323][__main__][INFO] - Best Instance Accuracy: 0.815726, Class Accuracy: 0.779099
[2025-07-23 01:53:30,324][__main__][INFO] - Epoch 309 (309/500):
[2025-07-23 02:00:02,605][__main__][INFO] - Train Instance Accuracy: 0.734578
[2025-07-23 02:01:30,063][__main__][INFO] - Test Instance Accuracy: 0.791532, Class Accuracy: 0.754306
[2025-07-23 02:01:30,063][__main__][INFO] - Best Instance Accuracy: 0.815726, Class Accuracy: 0.779099
[2025-07-23 02:01:30,063][__main__][INFO] - Epoch 310 (310/500):
[2025-07-23 02:08:17,048][__main__][INFO] - Train Instance Accuracy: 0.733969
[2025-07-23 02:09:41,892][__main__][INFO] - Generating and logging confusion matrix...
[2025-07-23 02:09:43,395][__main__][INFO] - Save model...
[2025-07-23 02:09:43,412][__main__][INFO] - Test Instance Accuracy: 0.815726, Class Accuracy: 0.770665
[2025-07-23 02:09:43,428][__main__][INFO] - Best Instance Accuracy: 0.815726, Class Accuracy: 0.779099
[2025-07-23 02:09:43,434][__main__][INFO] - Save model...
[2025-07-23 02:09:43,434][__main__][INFO] - Saving at best_model.pth
[2025-07-23 02:09:43,826][__main__][INFO] - Epoch 311 (311/500):
[2025-07-23 02:16:26,089][__main__][INFO] - Train Instance Accuracy: 0.729978
[2025-07-23 02:17:52,960][__main__][INFO] - Test Instance Accuracy: 0.806048, Class Accuracy: 0.768022
[2025-07-23 02:17:52,961][__main__][INFO] - Best Instance Accuracy: 0.815726, Class Accuracy: 0.779099
[2025-07-23 02:17:52,961][__main__][INFO] - Epoch 312 (312/500):
[2025-07-23 02:24:27,046][__main__][INFO] - Train Instance Accuracy: 0.732650
[2025-07-23 02:25:48,390][__main__][INFO] - Test Instance Accuracy: 0.808065, Class Accuracy: 0.761517
[2025-07-23 02:25:48,390][__main__][INFO] - Best Instance Accuracy: 0.815726, Class Accuracy: 0.779099
[2025-07-23 02:25:48,390][__main__][INFO] - Epoch 313 (313/500):
[2025-07-23 02:32:12,691][__main__][INFO] - Train Instance Accuracy: 0.733157
[2025-07-23 02:33:35,277][__main__][INFO] - Test Instance Accuracy: 0.811290, Class Accuracy: 0.767726
[2025-07-23 02:33:35,278][__main__][INFO] - Best Instance Accuracy: 0.815726, Class Accuracy: 0.779099
[2025-07-23 02:33:35,278][__main__][INFO] - Epoch 314 (314/500):
[2025-07-23 02:40:03,892][__main__][INFO] - Train Instance Accuracy: 0.736167
[2025-07-23 02:41:25,113][__main__][INFO] - Test Instance Accuracy: 0.808468, Class Accuracy: 0.762326
[2025-07-23 02:41:25,113][__main__][INFO] - Best Instance Accuracy: 0.815726, Class Accuracy: 0.779099
[2025-07-23 02:41:25,114][__main__][INFO] - Epoch 315 (315/500):
[2025-07-23 02:48:16,614][__main__][INFO] - Train Instance Accuracy: 0.733800
[2025-07-23 02:49:43,436][__main__][INFO] - Test Instance Accuracy: 0.798790, Class Accuracy: 0.763768
[2025-07-23 02:49:43,436][__main__][INFO] - Best Instance Accuracy: 0.815726, Class Accuracy: 0.779099
[2025-07-23 02:49:43,437][__main__][INFO] - Epoch 316 (316/500):
[2025-07-23 02:56:50,012][__main__][INFO] - Train Instance Accuracy: 0.736641
[2025-07-23 02:58:21,291][__main__][INFO] - Test Instance Accuracy: 0.806452, Class Accuracy: 0.761746
[2025-07-23 02:58:21,291][__main__][INFO] - Best Instance Accuracy: 0.815726, Class Accuracy: 0.779099
[2025-07-23 02:58:21,291][__main__][INFO] - Epoch 317 (317/500):
[2025-07-23 03:05:22,504][__main__][INFO] - Train Instance Accuracy: 0.734003
[2025-07-23 03:06:44,387][__main__][INFO] - Test Instance Accuracy: 0.803629, Class Accuracy: 0.764439
[2025-07-23 03:06:44,388][__main__][INFO] - Best Instance Accuracy: 0.815726, Class Accuracy: 0.779099
[2025-07-23 03:06:44,388][__main__][INFO] - Epoch 318 (318/500):
[2025-07-23 03:13:29,694][__main__][INFO] - Train Instance Accuracy: 0.738028
[2025-07-23 03:14:54,495][__main__][INFO] - Test Instance Accuracy: 0.806855, Class Accuracy: 0.755137
[2025-07-23 03:14:54,495][__main__][INFO] - Best Instance Accuracy: 0.815726, Class Accuracy: 0.779099
[2025-07-23 03:14:54,495][__main__][INFO] - Epoch 319 (319/500):
[2025-07-23 03:21:20,197][__main__][INFO] - Train Instance Accuracy: 0.728524
[2025-07-23 03:22:40,786][__main__][INFO] - Test Instance Accuracy: 0.800806, Class Accuracy: 0.760364
[2025-07-23 03:22:40,786][__main__][INFO] - Best Instance Accuracy: 0.815726, Class Accuracy: 0.779099
[2025-07-23 03:22:40,786][__main__][INFO] - Epoch 320 (320/500):
[2025-07-23 03:29:01,761][__main__][INFO] - Train Instance Accuracy: 0.738467
[2025-07-23 03:30:23,714][__main__][INFO] - Test Instance Accuracy: 0.813306, Class Accuracy: 0.766920
[2025-07-23 03:30:23,715][__main__][INFO] - Best Instance Accuracy: 0.815726, Class Accuracy: 0.779099
[2025-07-23 03:30:23,715][__main__][INFO] - Epoch 321 (321/500):
[2025-07-23 03:37:19,183][__main__][INFO] - Train Instance Accuracy: 0.729031
[2025-07-23 03:38:43,923][__main__][INFO] - Test Instance Accuracy: 0.808871, Class Accuracy: 0.762090
[2025-07-23 03:38:43,923][__main__][INFO] - Best Instance Accuracy: 0.815726, Class Accuracy: 0.779099
[2025-07-23 03:38:43,923][__main__][INFO] - Epoch 322 (322/500):
[2025-07-23 03:45:31,308][__main__][INFO] - Train Instance Accuracy: 0.727543
[2025-07-23 03:46:57,069][__main__][INFO] - Test Instance Accuracy: 0.807258, Class Accuracy: 0.762644
[2025-07-23 03:46:57,069][__main__][INFO] - Best Instance Accuracy: 0.815726, Class Accuracy: 0.779099
[2025-07-23 03:46:57,069][__main__][INFO] - Epoch 323 (323/500):
[2025-07-23 03:53:57,254][__main__][INFO] - Train Instance Accuracy: 0.727983
[2025-07-23 03:55:27,155][__main__][INFO] - Test Instance Accuracy: 0.802419, Class Accuracy: 0.761961
[2025-07-23 03:55:27,155][__main__][INFO] - Best Instance Accuracy: 0.815726, Class Accuracy: 0.779099
[2025-07-23 03:55:27,155][__main__][INFO] - Epoch 324 (324/500):
[2025-07-23 04:02:16,324][__main__][INFO] - Train Instance Accuracy: 0.733360
[2025-07-23 04:03:42,357][__main__][INFO] - Test Instance Accuracy: 0.809677, Class Accuracy: 0.758409
[2025-07-23 04:03:42,358][__main__][INFO] - Best Instance Accuracy: 0.815726, Class Accuracy: 0.779099
[2025-07-23 04:03:42,358][__main__][INFO] - Epoch 325 (325/500):
[2025-07-23 04:09:58,032][__main__][INFO] - Train Instance Accuracy: 0.738535
[2025-07-23 04:11:15,530][__main__][INFO] - Test Instance Accuracy: 0.812500, Class Accuracy: 0.767771
[2025-07-23 04:11:15,530][__main__][INFO] - Best Instance Accuracy: 0.815726, Class Accuracy: 0.779099
[2025-07-23 04:11:15,530][__main__][INFO] - Epoch 326 (326/500):
[2025-07-23 04:17:34,741][__main__][INFO] - Train Instance Accuracy: 0.736506
[2025-07-23 04:19:02,563][__main__][INFO] - Test Instance Accuracy: 0.795968, Class Accuracy: 0.764460
[2025-07-23 04:19:02,564][__main__][INFO] - Best Instance Accuracy: 0.815726, Class Accuracy: 0.779099
[2025-07-23 04:19:02,564][__main__][INFO] - Epoch 327 (327/500):
[2025-07-23 04:25:25,486][__main__][INFO] - Train Instance Accuracy: 0.735221
[2025-07-23 04:26:46,128][__main__][INFO] - Test Instance Accuracy: 0.797984, Class Accuracy: 0.759473
[2025-07-23 04:26:46,128][__main__][INFO] - Best Instance Accuracy: 0.815726, Class Accuracy: 0.779099
[2025-07-23 04:26:46,128][__main__][INFO] - Epoch 328 (328/500):
[2025-07-23 04:33:18,556][__main__][INFO] - Train Instance Accuracy: 0.733191
[2025-07-23 04:34:35,915][__main__][INFO] - Generating and logging confusion matrix...
[2025-07-23 04:34:37,172][__main__][INFO] - Save model...
[2025-07-23 04:34:37,178][__main__][INFO] - Test Instance Accuracy: 0.817339, Class Accuracy: 0.772283
[2025-07-23 04:34:37,194][__main__][INFO] - Best Instance Accuracy: 0.817339, Class Accuracy: 0.779099
[2025-07-23 04:34:37,194][__main__][INFO] - Save model...
[2025-07-23 04:34:37,201][__main__][INFO] - Saving at best_model.pth
[2025-07-23 04:34:37,586][__main__][INFO] - Epoch 329 (329/500):
[2025-07-23 04:41:20,034][__main__][INFO] - Train Instance Accuracy: 0.734409
[2025-07-23 04:42:41,368][__main__][INFO] - Test Instance Accuracy: 0.805242, Class Accuracy: 0.764048
[2025-07-23 04:42:41,368][__main__][INFO] - Best Instance Accuracy: 0.817339, Class Accuracy: 0.779099
[2025-07-23 04:42:41,368][__main__][INFO] - Epoch 330 (330/500):
[2025-07-23 04:49:10,190][__main__][INFO] - Train Instance Accuracy: 0.735728
[2025-07-23 04:50:31,227][__main__][INFO] - Test Instance Accuracy: 0.810887, Class Accuracy: 0.765077
[2025-07-23 04:50:31,227][__main__][INFO] - Best Instance Accuracy: 0.817339, Class Accuracy: 0.779099
[2025-07-23 04:50:31,228][__main__][INFO] - Epoch 331 (331/500):
[2025-07-23 04:57:01,615][__main__][INFO] - Train Instance Accuracy: 0.741038
[2025-07-23 04:58:21,379][__main__][INFO] - Test Instance Accuracy: 0.810081, Class Accuracy: 0.766980
[2025-07-23 04:58:21,380][__main__][INFO] - Best Instance Accuracy: 0.817339, Class Accuracy: 0.779099
[2025-07-23 04:58:21,380][__main__][INFO] - Epoch 332 (332/500):
[2025-07-23 05:04:41,301][__main__][INFO] - Train Instance Accuracy: 0.727611
[2025-07-23 05:06:02,010][__main__][INFO] - Test Instance Accuracy: 0.801210, Class Accuracy: 0.764968
[2025-07-23 05:06:02,010][__main__][INFO] - Best Instance Accuracy: 0.817339, Class Accuracy: 0.779099
[2025-07-23 05:06:02,010][__main__][INFO] - Epoch 333 (333/500):
[2025-07-23 05:12:35,237][__main__][INFO] - Train Instance Accuracy: 0.733732
[2025-07-23 05:13:58,872][__main__][INFO] - Test Instance Accuracy: 0.812903, Class Accuracy: 0.761124
[2025-07-23 05:13:58,873][__main__][INFO] - Best Instance Accuracy: 0.817339, Class Accuracy: 0.779099
[2025-07-23 05:13:58,873][__main__][INFO] - Epoch 334 (334/500):
[2025-07-23 05:20:16,949][__main__][INFO] - Train Instance Accuracy: 0.733157
[2025-07-23 05:21:36,765][__main__][INFO] - Test Instance Accuracy: 0.801613, Class Accuracy: 0.756513
[2025-07-23 05:21:36,765][__main__][INFO] - Best Instance Accuracy: 0.817339, Class Accuracy: 0.779099
[2025-07-23 05:21:36,765][__main__][INFO] - Epoch 335 (335/500):
[2025-07-23 05:27:59,126][__main__][INFO] - Train Instance Accuracy: 0.731669
[2025-07-23 05:29:19,194][__main__][INFO] - Generating and logging confusion matrix...
[2025-07-23 05:29:20,625][__main__][INFO] - Save model...
[2025-07-23 05:29:20,635][__main__][INFO] - Test Instance Accuracy: 0.817339, Class Accuracy: 0.772392
[2025-07-23 05:29:20,635][__main__][INFO] - Best Instance Accuracy: 0.817339, Class Accuracy: 0.779099
[2025-07-23 05:29:20,635][__main__][INFO] - Save model...
[2025-07-23 05:29:20,651][__main__][INFO] - Saving at best_model.pth
[2025-07-23 05:29:20,903][__main__][INFO] - Epoch 336 (336/500):
[2025-07-23 05:35:57,499][__main__][INFO] - Train Instance Accuracy: 0.736742
[2025-07-23 05:37:19,752][__main__][INFO] - Test Instance Accuracy: 0.808871, Class Accuracy: 0.769378
[2025-07-23 05:37:19,752][__main__][INFO] - Best Instance Accuracy: 0.817339, Class Accuracy: 0.779099
[2025-07-23 05:37:19,753][__main__][INFO] - Epoch 337 (337/500):
[2025-07-23 05:43:50,145][__main__][INFO] - Train Instance Accuracy: 0.732075
[2025-07-23 05:45:19,840][__main__][INFO] - Test Instance Accuracy: 0.807258, Class Accuracy: 0.770546
[2025-07-23 05:45:19,840][__main__][INFO] - Best Instance Accuracy: 0.817339, Class Accuracy: 0.779099
[2025-07-23 05:45:19,840][__main__][INFO] - Epoch 338 (338/500):
[2025-07-23 05:51:43,952][__main__][INFO] - Train Instance Accuracy: 0.740530
[2025-07-23 05:53:08,881][__main__][INFO] - Test Instance Accuracy: 0.804839, Class Accuracy: 0.763513
[2025-07-23 05:53:08,882][__main__][INFO] - Best Instance Accuracy: 0.817339, Class Accuracy: 0.779099
[2025-07-23 05:53:08,882][__main__][INFO] - Epoch 339 (339/500):
[2025-07-23 05:59:30,039][__main__][INFO] - Train Instance Accuracy: 0.733699
[2025-07-23 06:00:57,159][__main__][INFO] - Test Instance Accuracy: 0.813306, Class Accuracy: 0.771801
[2025-07-23 06:00:57,159][__main__][INFO] - Best Instance Accuracy: 0.817339, Class Accuracy: 0.779099
[2025-07-23 06:00:57,159][__main__][INFO] - Epoch 340 (340/500):
[2025-07-23 06:07:22,641][__main__][INFO] - Train Instance Accuracy: 0.729606
[2025-07-23 06:08:44,249][__main__][INFO] - Test Instance Accuracy: 0.802016, Class Accuracy: 0.749588
[2025-07-23 06:08:44,249][__main__][INFO] - Best Instance Accuracy: 0.817339, Class Accuracy: 0.779099
[2025-07-23 06:08:44,249][__main__][INFO] - Epoch 341 (341/500):
[2025-07-23 06:15:17,984][__main__][INFO] - Train Instance Accuracy: 0.737013
[2025-07-23 06:16:34,980][__main__][INFO] - Test Instance Accuracy: 0.806452, Class Accuracy: 0.770472
[2025-07-23 06:16:34,980][__main__][INFO] - Best Instance Accuracy: 0.817339, Class Accuracy: 0.779099
[2025-07-23 06:16:34,980][__main__][INFO] - Epoch 342 (342/500):
[2025-07-23 06:22:44,157][__main__][INFO] - Train Instance Accuracy: 0.733090
[2025-07-23 06:24:04,096][__main__][INFO] - Test Instance Accuracy: 0.815323, Class Accuracy: 0.762276
[2025-07-23 06:24:04,096][__main__][INFO] - Best Instance Accuracy: 0.817339, Class Accuracy: 0.779099
[2025-07-23 06:24:04,096][__main__][INFO] - Epoch 343 (343/500):
[2025-07-23 06:30:15,558][__main__][INFO] - Train Instance Accuracy: 0.726461
[2025-07-23 06:31:33,525][__main__][INFO] - Test Instance Accuracy: 0.801613, Class Accuracy: 0.757097
[2025-07-23 06:31:33,525][__main__][INFO] - Best Instance Accuracy: 0.817339, Class Accuracy: 0.779099
[2025-07-23 06:31:33,525][__main__][INFO] - Epoch 344 (344/500):
[2025-07-23 06:37:44,767][__main__][INFO] - Train Instance Accuracy: 0.733496
[2025-07-23 06:39:02,646][__main__][INFO] - Test Instance Accuracy: 0.803226, Class Accuracy: 0.755371
[2025-07-23 06:39:02,646][__main__][INFO] - Best Instance Accuracy: 0.817339, Class Accuracy: 0.779099
[2025-07-23 06:39:02,646][__main__][INFO] - Epoch 345 (345/500):
[2025-07-23 06:45:18,583][__main__][INFO] - Train Instance Accuracy: 0.736370
[2025-07-23 06:46:31,985][__main__][INFO] - Test Instance Accuracy: 0.803226, Class Accuracy: 0.760386
[2025-07-23 06:46:31,985][__main__][INFO] - Best Instance Accuracy: 0.817339, Class Accuracy: 0.779099
[2025-07-23 06:46:31,985][__main__][INFO] - Epoch 346 (346/500):
[2025-07-23 06:52:40,995][__main__][INFO] - Train Instance Accuracy: 0.734104
[2025-07-23 06:53:59,464][__main__][INFO] - Test Instance Accuracy: 0.812500, Class Accuracy: 0.765022
[2025-07-23 06:53:59,464][__main__][INFO] - Best Instance Accuracy: 0.817339, Class Accuracy: 0.779099
[2025-07-23 06:53:59,464][__main__][INFO] - Epoch 347 (347/500):
[2025-07-23 07:00:19,386][__main__][INFO] - Train Instance Accuracy: 0.735322
[2025-07-23 07:01:39,345][__main__][INFO] - Test Instance Accuracy: 0.808065, Class Accuracy: 0.770209
[2025-07-23 07:01:39,345][__main__][INFO] - Best Instance Accuracy: 0.817339, Class Accuracy: 0.779099
[2025-07-23 07:01:39,346][__main__][INFO] - Epoch 348 (348/500):
[2025-07-23 07:08:00,642][__main__][INFO] - Train Instance Accuracy: 0.736709
[2025-07-23 07:09:19,911][__main__][INFO] - Generating and logging confusion matrix...
[2025-07-23 07:09:21,238][__main__][INFO] - Save model...
[2025-07-23 07:09:21,258][__main__][INFO] - Test Instance Accuracy: 0.817339, Class Accuracy: 0.775353
[2025-07-23 07:09:21,258][__main__][INFO] - Best Instance Accuracy: 0.817339, Class Accuracy: 0.779099
[2025-07-23 07:09:21,267][__main__][INFO] - Save model...
[2025-07-23 07:09:21,267][__main__][INFO] - Saving at best_model.pth
[2025-07-23 07:09:21,679][__main__][INFO] - Epoch 349 (349/500):
[2025-07-23 07:15:38,130][__main__][INFO] - Train Instance Accuracy: 0.736404
[2025-07-23 07:16:52,859][__main__][INFO] - Test Instance Accuracy: 0.797984, Class Accuracy: 0.758453
[2025-07-23 07:16:52,859][__main__][INFO] - Best Instance Accuracy: 0.817339, Class Accuracy: 0.779099
[2025-07-23 07:16:52,860][__main__][INFO] - Epoch 350 (350/500):
[2025-07-23 07:23:10,968][__main__][INFO] - Train Instance Accuracy: 0.733969
[2025-07-23 07:24:29,425][__main__][INFO] - Test Instance Accuracy: 0.810887, Class Accuracy: 0.768105
[2025-07-23 07:24:29,425][__main__][INFO] - Best Instance Accuracy: 0.817339, Class Accuracy: 0.779099
[2025-07-23 07:24:29,426][__main__][INFO] - Epoch 351 (351/500):
[2025-07-23 07:30:50,702][__main__][INFO] - Train Instance Accuracy: 0.735897
[2025-07-23 07:32:09,931][__main__][INFO] - Test Instance Accuracy: 0.812903, Class Accuracy: 0.764664
[2025-07-23 07:32:09,931][__main__][INFO] - Best Instance Accuracy: 0.817339, Class Accuracy: 0.779099
[2025-07-23 07:32:09,931][__main__][INFO] - Epoch 352 (352/500):
[2025-07-23 07:38:35,425][__main__][INFO] - Train Instance Accuracy: 0.733496
[2025-07-23 07:39:58,197][__main__][INFO] - Test Instance Accuracy: 0.805645, Class Accuracy: 0.760538
[2025-07-23 07:39:58,198][__main__][INFO] - Best Instance Accuracy: 0.817339, Class Accuracy: 0.779099
[2025-07-23 07:39:58,198][__main__][INFO] - Epoch 353 (353/500):
[2025-07-23 07:46:18,388][__main__][INFO] - Train Instance Accuracy: 0.735660
[2025-07-23 07:47:36,428][__main__][INFO] - Test Instance Accuracy: 0.816129, Class Accuracy: 0.766511
[2025-07-23 07:47:36,429][__main__][INFO] - Best Instance Accuracy: 0.817339, Class Accuracy: 0.779099
[2025-07-23 07:47:36,429][__main__][INFO] - Epoch 354 (354/500):
[2025-07-23 07:54:11,818][__main__][INFO] - Train Instance Accuracy: 0.732752
[2025-07-23 07:55:33,794][__main__][INFO] - Generating and logging confusion matrix...
[2025-07-23 07:55:35,095][__main__][INFO] - Save model...
[2025-07-23 07:55:35,107][__main__][INFO] - Test Instance Accuracy: 0.821774, Class Accuracy: 0.774547
[2025-07-23 07:55:35,107][__main__][INFO] - Best Instance Accuracy: 0.821774, Class Accuracy: 0.779099
[2025-07-23 07:55:35,122][__main__][INFO] - Save model...
[2025-07-23 07:55:35,122][__main__][INFO] - Saving at best_model.pth
[2025-07-23 07:55:35,495][__main__][INFO] - Epoch 355 (355/500):
[2025-07-23 08:02:00,482][__main__][INFO] - Train Instance Accuracy: 0.728389
[2025-07-23 08:03:18,625][__main__][INFO] - Test Instance Accuracy: 0.807661, Class Accuracy: 0.766336
[2025-07-23 08:03:18,625][__main__][INFO] - Best Instance Accuracy: 0.821774, Class Accuracy: 0.779099
[2025-07-23 08:03:18,625][__main__][INFO] - Epoch 356 (356/500):
[2025-07-23 08:09:26,408][__main__][INFO] - Train Instance Accuracy: 0.726799
[2025-07-23 08:10:41,373][__main__][INFO] - Test Instance Accuracy: 0.797984, Class Accuracy: 0.754599
[2025-07-23 08:10:41,374][__main__][INFO] - Best Instance Accuracy: 0.821774, Class Accuracy: 0.779099
[2025-07-23 08:10:41,374][__main__][INFO] - Epoch 357 (357/500):
[2025-07-23 08:16:58,885][__main__][INFO] - Train Instance Accuracy: 0.737047
[2025-07-23 08:18:16,524][__main__][INFO] - Test Instance Accuracy: 0.803629, Class Accuracy: 0.767339
[2025-07-23 08:18:16,524][__main__][INFO] - Best Instance Accuracy: 0.821774, Class Accuracy: 0.779099
[2025-07-23 08:18:16,524][__main__][INFO] - Epoch 358 (358/500):
[2025-07-23 08:24:36,338][__main__][INFO] - Train Instance Accuracy: 0.734815
[2025-07-23 08:25:57,995][__main__][INFO] - Test Instance Accuracy: 0.808065, Class Accuracy: 0.771402
[2025-07-23 08:25:57,995][__main__][INFO] - Best Instance Accuracy: 0.821774, Class Accuracy: 0.779099
[2025-07-23 08:25:57,995][__main__][INFO] - Epoch 359 (359/500):
[2025-07-23 08:32:14,170][__main__][INFO] - Train Instance Accuracy: 0.738366
[2025-07-23 08:33:33,986][__main__][INFO] - Test Instance Accuracy: 0.793952, Class Accuracy: 0.752623
[2025-07-23 08:33:33,986][__main__][INFO] - Best Instance Accuracy: 0.821774, Class Accuracy: 0.779099
[2025-07-23 08:33:33,986][__main__][INFO] - Epoch 360 (360/500):
[2025-07-23 08:39:49,643][__main__][INFO] - Train Instance Accuracy: 0.731331
[2025-07-23 08:41:08,420][__main__][INFO] - Test Instance Accuracy: 0.797581, Class Accuracy: 0.758984
[2025-07-23 08:41:08,420][__main__][INFO] - Best Instance Accuracy: 0.821774, Class Accuracy: 0.779099
[2025-07-23 08:41:08,420][__main__][INFO] - Epoch 361 (361/500):
[2025-07-23 08:47:08,687][__main__][INFO] - Train Instance Accuracy: 0.738569
[2025-07-23 08:48:22,745][__main__][INFO] - Test Instance Accuracy: 0.812097, Class Accuracy: 0.770548
[2025-07-23 08:48:22,746][__main__][INFO] - Best Instance Accuracy: 0.821774, Class Accuracy: 0.779099
[2025-07-23 08:48:22,746][__main__][INFO] - Epoch 362 (362/500):
[2025-07-23 08:54:15,850][__main__][INFO] - Train Instance Accuracy: 0.731771
[2025-07-23 08:55:29,677][__main__][INFO] - Test Instance Accuracy: 0.810887, Class Accuracy: 0.762923
[2025-07-23 08:55:29,677][__main__][INFO] - Best Instance Accuracy: 0.821774, Class Accuracy: 0.779099
[2025-07-23 08:55:29,677][__main__][INFO] - Epoch 363 (363/500):
[2025-07-23 09:01:20,504][__main__][INFO] - Train Instance Accuracy: 0.740496
[2025-07-23 09:02:32,912][__main__][INFO] - Test Instance Accuracy: 0.806452, Class Accuracy: 0.757743
[2025-07-23 09:02:32,912][__main__][INFO] - Best Instance Accuracy: 0.821774, Class Accuracy: 0.779099
[2025-07-23 09:02:32,912][__main__][INFO] - Epoch 364 (364/500):
[2025-07-23 09:08:30,562][__main__][INFO] - Train Instance Accuracy: 0.732785
[2025-07-23 09:09:44,915][__main__][INFO] - Test Instance Accuracy: 0.813710, Class Accuracy: 0.769480
[2025-07-23 09:09:44,915][__main__][INFO] - Best Instance Accuracy: 0.821774, Class Accuracy: 0.779099
[2025-07-23 09:09:44,915][__main__][INFO] - Epoch 365 (365/500):
[2025-07-23 09:15:40,463][__main__][INFO] - Train Instance Accuracy: 0.732244
[2025-07-23 09:16:51,677][__main__][INFO] - Test Instance Accuracy: 0.806855, Class Accuracy: 0.760278
[2025-07-23 09:16:51,677][__main__][INFO] - Best Instance Accuracy: 0.821774, Class Accuracy: 0.779099
[2025-07-23 09:16:51,677][__main__][INFO] - Epoch 366 (366/500):
[2025-07-23 09:22:49,074][__main__][INFO] - Train Instance Accuracy: 0.733259
[2025-07-23 09:24:04,210][__main__][INFO] - Test Instance Accuracy: 0.811290, Class Accuracy: 0.768204
[2025-07-23 09:24:04,210][__main__][INFO] - Best Instance Accuracy: 0.821774, Class Accuracy: 0.779099
[2025-07-23 09:24:04,210][__main__][INFO] - Epoch 367 (367/500):
[2025-07-23 09:29:59,146][__main__][INFO] - Train Instance Accuracy: 0.731534
[2025-07-23 09:31:19,051][__main__][INFO] - Test Instance Accuracy: 0.810081, Class Accuracy: 0.763955
[2025-07-23 09:31:19,051][__main__][INFO] - Best Instance Accuracy: 0.821774, Class Accuracy: 0.779099
[2025-07-23 09:31:19,051][__main__][INFO] - Epoch 368 (368/500):
[2025-07-23 09:37:10,426][__main__][INFO] - Train Instance Accuracy: 0.734815
[2025-07-23 09:38:23,537][__main__][INFO] - Test Instance Accuracy: 0.802016, Class Accuracy: 0.756329
[2025-07-23 09:38:23,537][__main__][INFO] - Best Instance Accuracy: 0.821774, Class Accuracy: 0.779099
[2025-07-23 09:38:23,537][__main__][INFO] - Epoch 369 (369/500):
[2025-07-23 09:44:18,527][__main__][INFO] - Train Instance Accuracy: 0.735728
[2025-07-23 09:45:32,306][__main__][INFO] - Test Instance Accuracy: 0.806452, Class Accuracy: 0.760085
[2025-07-23 09:45:32,306][__main__][INFO] - Best Instance Accuracy: 0.821774, Class Accuracy: 0.779099
[2025-07-23 09:45:32,307][__main__][INFO] - Epoch 370 (370/500):
[2025-07-23 09:51:26,818][__main__][INFO] - Train Instance Accuracy: 0.734307
[2025-07-23 09:52:38,396][__main__][INFO] - Test Instance Accuracy: 0.812903, Class Accuracy: 0.763745
[2025-07-23 09:52:38,397][__main__][INFO] - Best Instance Accuracy: 0.821774, Class Accuracy: 0.779099
[2025-07-23 09:52:38,397][__main__][INFO] - Epoch 371 (371/500):
[2025-07-23 09:58:31,248][__main__][INFO] - Train Instance Accuracy: 0.734781
[2025-07-23 09:59:45,581][__main__][INFO] - Test Instance Accuracy: 0.798790, Class Accuracy: 0.757730
[2025-07-23 09:59:45,581][__main__][INFO] - Best Instance Accuracy: 0.821774, Class Accuracy: 0.779099
[2025-07-23 09:59:45,581][__main__][INFO] - Epoch 372 (372/500):
[2025-07-23 10:05:46,300][__main__][INFO] - Train Instance Accuracy: 0.731297
[2025-07-23 10:07:01,553][__main__][INFO] - Test Instance Accuracy: 0.803629, Class Accuracy: 0.761506
[2025-07-23 10:07:01,554][__main__][INFO] - Best Instance Accuracy: 0.821774, Class Accuracy: 0.779099
[2025-07-23 10:07:01,554][__main__][INFO] - Epoch 373 (373/500):
[2025-07-23 10:12:58,644][__main__][INFO] - Train Instance Accuracy: 0.737825
[2025-07-23 10:14:10,191][__main__][INFO] - Test Instance Accuracy: 0.814113, Class Accuracy: 0.765371
[2025-07-23 10:14:10,191][__main__][INFO] - Best Instance Accuracy: 0.821774, Class Accuracy: 0.779099
[2025-07-23 10:14:10,192][__main__][INFO] - Epoch 374 (374/500):
[2025-07-23 10:20:05,605][__main__][INFO] - Train Instance Accuracy: 0.735525
[2025-07-23 10:21:19,490][__main__][INFO] - Test Instance Accuracy: 0.802823, Class Accuracy: 0.757741
[2025-07-23 10:21:19,490][__main__][INFO] - Best Instance Accuracy: 0.821774, Class Accuracy: 0.779099
[2025-07-23 10:21:19,490][__main__][INFO] - Epoch 375 (375/500):
[2025-07-23 10:27:15,816][__main__][INFO] - Train Instance Accuracy: 0.732380
[2025-07-23 10:28:28,289][__main__][INFO] - Test Instance Accuracy: 0.814516, Class Accuracy: 0.763131
[2025-07-23 10:28:28,289][__main__][INFO] - Best Instance Accuracy: 0.821774, Class Accuracy: 0.779099
[2025-07-23 10:28:28,289][__main__][INFO] - Epoch 376 (376/500):
[2025-07-23 10:34:23,244][__main__][INFO] - Train Instance Accuracy: 0.735390
[2025-07-23 10:35:37,143][__main__][INFO] - Test Instance Accuracy: 0.809274, Class Accuracy: 0.767075
[2025-07-23 10:35:37,143][__main__][INFO] - Best Instance Accuracy: 0.821774, Class Accuracy: 0.779099
[2025-07-23 10:35:37,143][__main__][INFO] - Epoch 377 (377/500):
[2025-07-23 10:41:33,453][__main__][INFO] - Train Instance Accuracy: 0.734003
[2025-07-23 10:42:45,115][__main__][INFO] - Test Instance Accuracy: 0.803629, Class Accuracy: 0.767799
[2025-07-23 10:42:45,115][__main__][INFO] - Best Instance Accuracy: 0.821774, Class Accuracy: 0.779099
[2025-07-23 10:42:45,115][__main__][INFO] - Epoch 378 (378/500):
[2025-07-23 10:48:34,888][__main__][INFO] - Train Instance Accuracy: 0.732008
[2025-07-23 10:49:50,516][__main__][INFO] - Test Instance Accuracy: 0.804839, Class Accuracy: 0.767454
[2025-07-23 10:49:50,517][__main__][INFO] - Best Instance Accuracy: 0.821774, Class Accuracy: 0.779099
[2025-07-23 10:49:50,517][__main__][INFO] - Epoch 379 (379/500):
[2025-07-23 10:55:40,898][__main__][INFO] - Train Instance Accuracy: 0.732177
[2025-07-23 10:56:53,421][__main__][INFO] - Test Instance Accuracy: 0.806452, Class Accuracy: 0.762445
[2025-07-23 10:56:53,421][__main__][INFO] - Best Instance Accuracy: 0.821774, Class Accuracy: 0.779099
[2025-07-23 10:56:53,422][__main__][INFO] - Epoch 380 (380/500):
[2025-07-23 11:02:58,187][__main__][INFO] - Train Instance Accuracy: 0.733124
[2025-07-23 11:04:10,969][__main__][INFO] - Test Instance Accuracy: 0.815726, Class Accuracy: 0.773238
[2025-07-23 11:04:10,969][__main__][INFO] - Best Instance Accuracy: 0.821774, Class Accuracy: 0.779099
[2025-07-23 11:04:10,969][__main__][INFO] - Epoch 381 (381/500):
[2025-07-23 11:10:11,270][__main__][INFO] - Train Instance Accuracy: 0.739550
[2025-07-23 11:11:24,124][__main__][INFO] - Test Instance Accuracy: 0.803629, Class Accuracy: 0.760665
[2025-07-23 11:11:24,124][__main__][INFO] - Best Instance Accuracy: 0.821774, Class Accuracy: 0.779099
[2025-07-23 11:11:24,124][__main__][INFO] - Epoch 382 (382/500):
[2025-07-23 11:17:21,237][__main__][INFO] - Train Instance Accuracy: 0.734172
[2025-07-23 11:18:35,022][__main__][INFO] - Test Instance Accuracy: 0.801210, Class Accuracy: 0.756383
[2025-07-23 11:18:35,022][__main__][INFO] - Best Instance Accuracy: 0.821774, Class Accuracy: 0.779099
[2025-07-23 11:18:35,022][__main__][INFO] - Epoch 383 (383/500):
[2025-07-23 11:24:30,868][__main__][INFO] - Train Instance Accuracy: 0.738366
[2025-07-23 11:25:45,883][__main__][INFO] - Test Instance Accuracy: 0.789113, Class Accuracy: 0.752513
[2025-07-23 11:25:45,883][__main__][INFO] - Best Instance Accuracy: 0.821774, Class Accuracy: 0.779099
[2025-07-23 11:25:45,883][__main__][INFO] - Epoch 384 (384/500):
[2025-07-23 11:31:42,903][__main__][INFO] - Train Instance Accuracy: 0.733157
[2025-07-23 11:32:54,770][__main__][INFO] - Test Instance Accuracy: 0.810484, Class Accuracy: 0.761353
[2025-07-23 11:32:54,770][__main__][INFO] - Best Instance Accuracy: 0.821774, Class Accuracy: 0.779099
[2025-07-23 11:32:54,771][__main__][INFO] - Epoch 385 (385/500):
[2025-07-23 11:38:49,845][__main__][INFO] - Train Instance Accuracy: 0.740699
[2025-07-23 11:40:03,865][__main__][INFO] - Test Instance Accuracy: 0.802419, Class Accuracy: 0.761106
[2025-07-23 11:40:03,865][__main__][INFO] - Best Instance Accuracy: 0.821774, Class Accuracy: 0.779099
[2025-07-23 11:40:03,866][__main__][INFO] - Epoch 386 (386/500):
[2025-07-23 11:45:51,805][__main__][INFO] - Train Instance Accuracy: 0.736100
[2025-07-23 11:47:03,828][__main__][INFO] - Test Instance Accuracy: 0.802016, Class Accuracy: 0.767553
[2025-07-23 11:47:03,828][__main__][INFO] - Best Instance Accuracy: 0.821774, Class Accuracy: 0.779099
[2025-07-23 11:47:03,828][__main__][INFO] - Epoch 387 (387/500):
[2025-07-23 11:52:52,539][__main__][INFO] - Train Instance Accuracy: 0.732583
[2025-07-23 11:54:07,909][__main__][INFO] - Test Instance Accuracy: 0.801613, Class Accuracy: 0.758898
[2025-07-23 11:54:07,909][__main__][INFO] - Best Instance Accuracy: 0.821774, Class Accuracy: 0.779099
[2025-07-23 11:54:07,909][__main__][INFO] - Epoch 388 (388/500):
[2025-07-23 12:00:01,105][__main__][INFO] - Train Instance Accuracy: 0.728524
[2025-07-23 12:01:17,230][__main__][INFO] - Test Instance Accuracy: 0.813710, Class Accuracy: 0.768039
[2025-07-23 12:01:17,230][__main__][INFO] - Best Instance Accuracy: 0.821774, Class Accuracy: 0.779099
[2025-07-23 12:01:17,231][__main__][INFO] - Epoch 389 (389/500):
[2025-07-23 12:07:14,020][__main__][INFO] - Train Instance Accuracy: 0.733293
[2025-07-23 12:08:25,510][__main__][INFO] - Test Instance Accuracy: 0.812500, Class Accuracy: 0.765115
[2025-07-23 12:08:25,510][__main__][INFO] - Best Instance Accuracy: 0.821774, Class Accuracy: 0.779099
[2025-07-23 12:08:25,510][__main__][INFO] - Epoch 390 (390/500):
[2025-07-23 12:14:22,287][__main__][INFO] - Train Instance Accuracy: 0.733225
[2025-07-23 12:15:36,246][__main__][INFO] - Test Instance Accuracy: 0.803226, Class Accuracy: 0.754729
[2025-07-23 12:15:36,246][__main__][INFO] - Best Instance Accuracy: 0.821774, Class Accuracy: 0.779099
[2025-07-23 12:15:36,246][__main__][INFO] - Epoch 391 (391/500):
[2025-07-23 12:21:32,565][__main__][INFO] - Train Instance Accuracy: 0.730249
[2025-07-23 12:22:43,696][__main__][INFO] - Test Instance Accuracy: 0.812500, Class Accuracy: 0.773703
[2025-07-23 12:22:43,696][__main__][INFO] - Best Instance Accuracy: 0.821774, Class Accuracy: 0.779099
[2025-07-23 12:22:43,696][__main__][INFO] - Epoch 392 (392/500):
[2025-07-23 12:28:37,538][__main__][INFO] - Train Instance Accuracy: 0.733022
[2025-07-23 12:29:52,039][__main__][INFO] - Test Instance Accuracy: 0.813306, Class Accuracy: 0.773967
[2025-07-23 12:29:52,039][__main__][INFO] - Best Instance Accuracy: 0.821774, Class Accuracy: 0.779099
[2025-07-23 12:29:52,039][__main__][INFO] - Epoch 393 (393/500):
[2025-07-23 12:35:49,207][__main__][INFO] - Train Instance Accuracy: 0.737114
[2025-07-23 12:37:03,288][__main__][INFO] - Test Instance Accuracy: 0.810484, Class Accuracy: 0.764577
[2025-07-23 12:37:03,288][__main__][INFO] - Best Instance Accuracy: 0.821774, Class Accuracy: 0.779099
[2025-07-23 12:37:03,288][__main__][INFO] - Epoch 394 (394/500):
[2025-07-23 12:42:53,963][__main__][INFO] - Train Instance Accuracy: 0.738231
[2025-07-23 12:44:09,440][__main__][INFO] - Test Instance Accuracy: 0.820161, Class Accuracy: 0.771327
[2025-07-23 12:44:09,440][__main__][INFO] - Best Instance Accuracy: 0.821774, Class Accuracy: 0.779099
[2025-07-23 12:44:09,440][__main__][INFO] - Epoch 395 (395/500):
[2025-07-23 12:50:04,359][__main__][INFO] - Train Instance Accuracy: 0.731061
[2025-07-23 12:51:17,445][__main__][INFO] - Test Instance Accuracy: 0.820968, Class Accuracy: 0.770615
[2025-07-23 12:51:17,445][__main__][INFO] - Best Instance Accuracy: 0.821774, Class Accuracy: 0.779099
[2025-07-23 12:51:17,445][__main__][INFO] - Epoch 396 (396/500):
[2025-07-23 12:57:14,685][__main__][INFO] - Train Instance Accuracy: 0.737351
[2025-07-23 12:58:28,215][__main__][INFO] - Test Instance Accuracy: 0.811290, Class Accuracy: 0.766255
[2025-07-23 12:58:28,215][__main__][INFO] - Best Instance Accuracy: 0.821774, Class Accuracy: 0.779099
[2025-07-23 12:58:28,215][__main__][INFO] - Epoch 397 (397/500):
[2025-07-23 13:04:24,586][__main__][INFO] - Train Instance Accuracy: 0.736167
[2025-07-23 13:05:38,447][__main__][INFO] - Test Instance Accuracy: 0.816129, Class Accuracy: 0.776223
[2025-07-23 13:05:38,447][__main__][INFO] - Best Instance Accuracy: 0.821774, Class Accuracy: 0.779099
[2025-07-23 13:05:38,447][__main__][INFO] - Epoch 398 (398/500):
[2025-07-23 13:11:35,614][__main__][INFO] - Train Instance Accuracy: 0.729911
[2025-07-23 13:12:45,545][__main__][INFO] - Test Instance Accuracy: 0.812097, Class Accuracy: 0.773221
[2025-07-23 13:12:45,546][__main__][INFO] - Best Instance Accuracy: 0.821774, Class Accuracy: 0.779099
[2025-07-23 13:12:45,546][__main__][INFO] - Epoch 399 (399/500):
[2025-07-23 13:18:39,161][__main__][INFO] - Train Instance Accuracy: 0.734172
[2025-07-23 13:19:55,614][__main__][INFO] - Test Instance Accuracy: 0.815323, Class Accuracy: 0.770546
[2025-07-23 13:19:55,614][__main__][INFO] - Best Instance Accuracy: 0.821774, Class Accuracy: 0.779099
[2025-07-23 13:19:55,614][__main__][INFO] - Epoch 400 (400/500):
[2025-07-23 13:25:56,374][__main__][INFO] - Train Instance Accuracy: 0.736370
[2025-07-23 13:27:09,696][__main__][INFO] - Test Instance Accuracy: 0.813710, Class Accuracy: 0.768950
[2025-07-23 13:27:09,696][__main__][INFO] - Best Instance Accuracy: 0.821774, Class Accuracy: 0.779099
[2025-07-23 13:27:09,696][__main__][INFO] - Epoch 401 (401/500):
[2025-07-23 13:33:05,358][__main__][INFO] - Train Instance Accuracy: 0.730858
[2025-07-23 13:34:19,065][__main__][INFO] - Test Instance Accuracy: 0.806452, Class Accuracy: 0.764807
[2025-07-23 13:34:19,065][__main__][INFO] - Best Instance Accuracy: 0.821774, Class Accuracy: 0.779099
[2025-07-23 13:34:19,065][__main__][INFO] - Epoch 402 (402/500):
[2025-07-23 13:40:13,182][__main__][INFO] - Train Instance Accuracy: 0.736742
[2025-07-23 13:41:25,904][__main__][INFO] - Test Instance Accuracy: 0.807258, Class Accuracy: 0.765661
[2025-07-23 13:41:25,904][__main__][INFO] - Best Instance Accuracy: 0.821774, Class Accuracy: 0.779099
[2025-07-23 13:41:25,904][__main__][INFO] - Epoch 403 (403/500):
[2025-07-23 13:47:22,105][__main__][INFO] - Train Instance Accuracy: 0.736438
[2025-07-23 13:48:31,966][__main__][INFO] - Test Instance Accuracy: 0.804839, Class Accuracy: 0.762531
[2025-07-23 13:48:31,966][__main__][INFO] - Best Instance Accuracy: 0.821774, Class Accuracy: 0.779099
[2025-07-23 13:48:31,966][__main__][INFO] - Epoch 404 (404/500):
[2025-07-23 13:54:33,199][__main__][INFO] - Train Instance Accuracy: 0.737757
[2025-07-23 13:55:48,813][__main__][INFO] - Test Instance Accuracy: 0.811694, Class Accuracy: 0.773976
[2025-07-23 13:55:48,813][__main__][INFO] - Best Instance Accuracy: 0.821774, Class Accuracy: 0.779099
[2025-07-23 13:55:48,813][__main__][INFO] - Epoch 405 (405/500):
[2025-07-23 14:01:46,196][__main__][INFO] - Train Instance Accuracy: 0.738873
[2025-07-23 14:02:58,027][__main__][INFO] - Test Instance Accuracy: 0.810484, Class Accuracy: 0.764098
[2025-07-23 14:02:58,027][__main__][INFO] - Best Instance Accuracy: 0.821774, Class Accuracy: 0.779099
[2025-07-23 14:02:58,027][__main__][INFO] - Epoch 406 (406/500):
[2025-07-23 14:08:54,737][__main__][INFO] - Train Instance Accuracy: 0.733902
[2025-07-23 14:10:08,699][__main__][INFO] - Test Instance Accuracy: 0.813710, Class Accuracy: 0.767131
[2025-07-23 14:10:08,699][__main__][INFO] - Best Instance Accuracy: 0.821774, Class Accuracy: 0.779099
[2025-07-23 14:10:08,700][__main__][INFO] - Epoch 407 (407/500):
[2025-07-23 14:16:04,220][__main__][INFO] - Train Instance Accuracy: 0.730046
[2025-07-23 14:17:17,163][__main__][INFO] - Test Instance Accuracy: 0.809677, Class Accuracy: 0.760628
[2025-07-23 14:17:17,163][__main__][INFO] - Best Instance Accuracy: 0.821774, Class Accuracy: 0.779099
[2025-07-23 14:17:17,163][__main__][INFO] - Epoch 408 (408/500):
[2025-07-23 14:23:18,896][__main__][INFO] - Train Instance Accuracy: 0.733394
[2025-07-23 14:24:29,451][__main__][INFO] - Test Instance Accuracy: 0.810081, Class Accuracy: 0.762525
[2025-07-23 14:24:29,452][__main__][INFO] - Best Instance Accuracy: 0.821774, Class Accuracy: 0.779099
[2025-07-23 14:24:29,452][__main__][INFO] - Epoch 409 (409/500):
[2025-07-23 14:30:27,355][__main__][INFO] - Train Instance Accuracy: 0.733496
[2025-07-23 14:31:41,888][__main__][INFO] - Test Instance Accuracy: 0.810484, Class Accuracy: 0.767728
[2025-07-23 14:31:41,888][__main__][INFO] - Best Instance Accuracy: 0.821774, Class Accuracy: 0.779099
[2025-07-23 14:31:41,888][__main__][INFO] - Epoch 410 (410/500):
[2025-07-23 14:37:34,480][__main__][INFO] - Train Instance Accuracy: 0.731162
[2025-07-23 14:38:45,884][__main__][INFO] - Test Instance Accuracy: 0.799597, Class Accuracy: 0.766130
[2025-07-23 14:38:45,885][__main__][INFO] - Best Instance Accuracy: 0.821774, Class Accuracy: 0.779099
[2025-07-23 14:38:45,885][__main__][INFO] - Epoch 411 (411/500):
[2025-07-23 14:44:44,616][__main__][INFO] - Train Instance Accuracy: 0.740327
[2025-07-23 14:45:59,790][__main__][INFO] - Test Instance Accuracy: 0.805242, Class Accuracy: 0.761852
[2025-07-23 14:45:59,790][__main__][INFO] - Best Instance Accuracy: 0.821774, Class Accuracy: 0.779099
[2025-07-23 14:45:59,790][__main__][INFO] - Epoch 412 (412/500):
[2025-07-23 14:51:56,290][__main__][INFO] - Train Instance Accuracy: 0.732380
[2025-07-23 14:53:09,919][__main__][INFO] - Test Instance Accuracy: 0.800403, Class Accuracy: 0.756532
[2025-07-23 14:53:09,920][__main__][INFO] - Best Instance Accuracy: 0.821774, Class Accuracy: 0.779099
[2025-07-23 14:53:09,920][__main__][INFO] - Epoch 413 (413/500):
[2025-07-23 14:59:10,518][__main__][INFO] - Train Instance Accuracy: 0.732041
[2025-07-23 15:00:24,009][__main__][INFO] - Test Instance Accuracy: 0.802823, Class Accuracy: 0.759909
[2025-07-23 15:00:24,009][__main__][INFO] - Best Instance Accuracy: 0.821774, Class Accuracy: 0.779099
[2025-07-23 15:00:24,010][__main__][INFO] - Epoch 414 (414/500):
[2025-07-23 15:06:16,993][__main__][INFO] - Train Instance Accuracy: 0.734206
[2025-07-23 15:07:30,131][__main__][INFO] - Test Instance Accuracy: 0.815323, Class Accuracy: 0.778457
[2025-07-23 15:07:30,132][__main__][INFO] - Best Instance Accuracy: 0.821774, Class Accuracy: 0.779099
[2025-07-23 15:07:30,132][__main__][INFO] - Epoch 415 (415/500):
[2025-07-23 15:13:32,516][__main__][INFO] - Train Instance Accuracy: 0.733563
[2025-07-23 15:14:42,441][__main__][INFO] - Test Instance Accuracy: 0.812097, Class Accuracy: 0.772940
[2025-07-23 15:14:42,441][__main__][INFO] - Best Instance Accuracy: 0.821774, Class Accuracy: 0.779099
[2025-07-23 15:14:42,441][__main__][INFO] - Epoch 416 (416/500):
[2025-07-23 15:20:36,617][__main__][INFO] - Train Instance Accuracy: 0.734916
[2025-07-23 15:21:51,331][__main__][INFO] - Test Instance Accuracy: 0.811694, Class Accuracy: 0.764741
[2025-07-23 15:21:51,332][__main__][INFO] - Best Instance Accuracy: 0.821774, Class Accuracy: 0.779099
[2025-07-23 15:21:51,332][__main__][INFO] - Epoch 417 (417/500):
[2025-07-23 15:27:47,426][__main__][INFO] - Train Instance Accuracy: 0.736404
[2025-07-23 15:28:58,964][__main__][INFO] - Test Instance Accuracy: 0.810887, Class Accuracy: 0.767055
[2025-07-23 15:28:58,964][__main__][INFO] - Best Instance Accuracy: 0.821774, Class Accuracy: 0.779099
[2025-07-23 15:28:58,964][__main__][INFO] - Epoch 418 (418/500):
[2025-07-23 15:34:53,321][__main__][INFO] - Train Instance Accuracy: 0.734916
[2025-07-23 15:36:09,301][__main__][INFO] - Test Instance Accuracy: 0.806855, Class Accuracy: 0.765778
[2025-07-23 15:36:09,301][__main__][INFO] - Best Instance Accuracy: 0.821774, Class Accuracy: 0.779099
[2025-07-23 15:36:09,302][__main__][INFO] - Epoch 419 (419/500):
[2025-07-23 15:42:03,101][__main__][INFO] - Train Instance Accuracy: 0.733902
[2025-07-23 15:43:17,661][__main__][INFO] - Test Instance Accuracy: 0.802016, Class Accuracy: 0.756213
[2025-07-23 15:43:17,661][__main__][INFO] - Best Instance Accuracy: 0.821774, Class Accuracy: 0.779099
[2025-07-23 15:43:17,661][__main__][INFO] - Epoch 420 (420/500):
[2025-07-23 15:49:12,466][__main__][INFO] - Train Instance Accuracy: 0.736032
[2025-07-23 15:50:24,093][__main__][INFO] - Test Instance Accuracy: 0.810887, Class Accuracy: 0.773738
[2025-07-23 15:50:24,094][__main__][INFO] - Best Instance Accuracy: 0.821774, Class Accuracy: 0.779099
[2025-07-23 15:50:24,094][__main__][INFO] - Epoch 421 (421/500):
[2025-07-23 15:56:19,907][__main__][INFO] - Train Instance Accuracy: 0.737622
[2025-07-23 15:57:33,802][__main__][INFO] - Test Instance Accuracy: 0.803629, Class Accuracy: 0.756664
[2025-07-23 15:57:33,802][__main__][INFO] - Best Instance Accuracy: 0.821774, Class Accuracy: 0.779099
[2025-07-23 15:57:33,802][__main__][INFO] - Epoch 422 (422/500):
[2025-07-23 16:03:27,822][__main__][INFO] - Train Instance Accuracy: 0.739820
[2025-07-23 16:04:43,276][__main__][INFO] - Test Instance Accuracy: 0.813306, Class Accuracy: 0.767424
[2025-07-23 16:04:43,276][__main__][INFO] - Best Instance Accuracy: 0.821774, Class Accuracy: 0.779099
[2025-07-23 16:04:43,276][__main__][INFO] - Epoch 423 (423/500):
[2025-07-23 16:10:38,213][__main__][INFO] - Train Instance Accuracy: 0.730621
[2025-07-23 16:11:53,821][__main__][INFO] - Test Instance Accuracy: 0.800000, Class Accuracy: 0.768816
[2025-07-23 16:11:53,822][__main__][INFO] - Best Instance Accuracy: 0.821774, Class Accuracy: 0.779099
[2025-07-23 16:11:53,822][__main__][INFO] - Epoch 424 (424/500):
[2025-07-23 16:17:49,611][__main__][INFO] - Train Instance Accuracy: 0.731737
[2025-07-23 16:19:04,786][__main__][INFO] - Test Instance Accuracy: 0.807661, Class Accuracy: 0.766130
[2025-07-23 16:19:04,786][__main__][INFO] - Best Instance Accuracy: 0.821774, Class Accuracy: 0.779099
[2025-07-23 16:19:04,786][__main__][INFO] - Epoch 425 (425/500):
[2025-07-23 16:24:59,600][__main__][INFO] - Train Instance Accuracy: 0.739279
[2025-07-23 16:26:14,337][__main__][INFO] - Test Instance Accuracy: 0.819758, Class Accuracy: 0.773855
[2025-07-23 16:26:14,337][__main__][INFO] - Best Instance Accuracy: 0.821774, Class Accuracy: 0.779099
[2025-07-23 16:26:14,337][__main__][INFO] - Epoch 426 (426/500):
[2025-07-23 16:32:09,358][__main__][INFO] - Train Instance Accuracy: 0.734003
[2025-07-23 16:33:23,495][__main__][INFO] - Test Instance Accuracy: 0.811694, Class Accuracy: 0.772607
[2025-07-23 16:33:23,496][__main__][INFO] - Best Instance Accuracy: 0.821774, Class Accuracy: 0.779099
[2025-07-23 16:33:23,496][__main__][INFO] - Epoch 427 (427/500):
[2025-07-23 16:39:25,769][__main__][INFO] - Train Instance Accuracy: 0.735829
[2025-07-23 16:40:37,777][__main__][INFO] - Test Instance Accuracy: 0.795565, Class Accuracy: 0.760025
[2025-07-23 16:40:37,777][__main__][INFO] - Best Instance Accuracy: 0.821774, Class Accuracy: 0.779099
[2025-07-23 16:40:37,777][__main__][INFO] - Epoch 428 (428/500):
[2025-07-23 16:46:36,104][__main__][INFO] - Train Instance Accuracy: 0.736540
[2025-07-23 16:47:50,591][__main__][INFO] - Test Instance Accuracy: 0.800000, Class Accuracy: 0.761755
[2025-07-23 16:47:50,592][__main__][INFO] - Best Instance Accuracy: 0.821774, Class Accuracy: 0.779099
[2025-07-23 16:47:50,592][__main__][INFO] - Epoch 429 (429/500):
[2025-07-23 16:53:46,712][__main__][INFO] - Train Instance Accuracy: 0.732515
[2025-07-23 16:55:08,311][__main__][INFO] - Test Instance Accuracy: 0.800403, Class Accuracy: 0.758212
[2025-07-23 16:55:08,311][__main__][INFO] - Best Instance Accuracy: 0.821774, Class Accuracy: 0.779099
[2025-07-23 16:55:08,311][__main__][INFO] - Epoch 430 (430/500):
[2025-07-23 17:01:02,375][__main__][INFO] - Train Instance Accuracy: 0.738704
[2025-07-23 17:02:15,448][__main__][INFO] - Test Instance Accuracy: 0.799194, Class Accuracy: 0.759882
[2025-07-23 17:02:15,448][__main__][INFO] - Best Instance Accuracy: 0.821774, Class Accuracy: 0.779099
[2025-07-23 17:02:15,448][__main__][INFO] - Epoch 431 (431/500):
[2025-07-23 17:08:12,310][__main__][INFO] - Train Instance Accuracy: 0.737858
[2025-07-23 17:09:26,503][__main__][INFO] - Test Instance Accuracy: 0.816532, Class Accuracy: 0.771986
[2025-07-23 17:09:26,504][__main__][INFO] - Best Instance Accuracy: 0.821774, Class Accuracy: 0.779099
[2025-07-23 17:09:26,504][__main__][INFO] - Epoch 432 (432/500):
[2025-07-23 17:15:32,276][__main__][INFO] - Train Instance Accuracy: 0.735931
[2025-07-23 17:16:44,419][__main__][INFO] - Test Instance Accuracy: 0.812500, Class Accuracy: 0.765702
[2025-07-23 17:16:44,419][__main__][INFO] - Best Instance Accuracy: 0.821774, Class Accuracy: 0.779099
[2025-07-23 17:16:44,419][__main__][INFO] - Epoch 433 (433/500):
[2025-07-23 17:22:45,866][__main__][INFO] - Train Instance Accuracy: 0.735728
[2025-07-23 17:23:59,448][__main__][INFO] - Test Instance Accuracy: 0.808871, Class Accuracy: 0.762028
[2025-07-23 17:23:59,449][__main__][INFO] - Best Instance Accuracy: 0.821774, Class Accuracy: 0.779099
[2025-07-23 17:23:59,449][__main__][INFO] - Epoch 434 (434/500):
[2025-07-23 17:30:04,596][__main__][INFO] - Train Instance Accuracy: 0.736472
[2025-07-23 17:31:27,636][__main__][INFO] - Test Instance Accuracy: 0.812500, Class Accuracy: 0.774436
[2025-07-23 17:31:27,636][__main__][INFO] - Best Instance Accuracy: 0.821774, Class Accuracy: 0.779099
[2025-07-23 17:31:27,636][__main__][INFO] - Epoch 435 (435/500):
[2025-07-23 17:37:30,403][__main__][INFO] - Train Instance Accuracy: 0.738197
[2025-07-23 17:38:41,377][__main__][INFO] - Test Instance Accuracy: 0.808468, Class Accuracy: 0.761534
[2025-07-23 17:38:41,377][__main__][INFO] - Best Instance Accuracy: 0.821774, Class Accuracy: 0.779099
[2025-07-23 17:38:41,377][__main__][INFO] - Epoch 436 (436/500):
[2025-07-23 17:44:39,499][__main__][INFO] - Train Instance Accuracy: 0.730892
[2025-07-23 17:45:55,292][__main__][INFO] - Test Instance Accuracy: 0.812903, Class Accuracy: 0.762953
[2025-07-23 17:45:55,292][__main__][INFO] - Best Instance Accuracy: 0.821774, Class Accuracy: 0.779099
[2025-07-23 17:45:55,292][__main__][INFO] - Epoch 437 (437/500):
[2025-07-23 17:51:50,153][__main__][INFO] - Train Instance Accuracy: 0.741782
[2025-07-23 17:53:02,373][__main__][INFO] - Test Instance Accuracy: 0.812097, Class Accuracy: 0.762332
[2025-07-23 17:53:02,373][__main__][INFO] - Best Instance Accuracy: 0.821774, Class Accuracy: 0.779099
[2025-07-23 17:53:02,373][__main__][INFO] - Epoch 438 (438/500):
[2025-07-23 17:58:55,536][__main__][INFO] - Train Instance Accuracy: 0.734848
[2025-07-23 18:00:10,925][__main__][INFO] - Test Instance Accuracy: 0.811694, Class Accuracy: 0.768837
[2025-07-23 18:00:10,926][__main__][INFO] - Best Instance Accuracy: 0.821774, Class Accuracy: 0.779099
[2025-07-23 18:00:10,926][__main__][INFO] - Epoch 439 (439/500):
[2025-07-23 18:06:04,018][__main__][INFO] - Train Instance Accuracy: 0.732785
[2025-07-23 18:07:19,407][__main__][INFO] - Test Instance Accuracy: 0.802823, Class Accuracy: 0.756826
[2025-07-23 18:07:19,407][__main__][INFO] - Best Instance Accuracy: 0.821774, Class Accuracy: 0.779099
[2025-07-23 18:07:19,407][__main__][INFO] - Epoch 440 (440/500):
[2025-07-23 18:13:17,122][__main__][INFO] - Train Instance Accuracy: 0.737182
[2025-07-23 18:14:30,194][__main__][INFO] - Test Instance Accuracy: 0.804435, Class Accuracy: 0.767267
[2025-07-23 18:14:30,194][__main__][INFO] - Best Instance Accuracy: 0.821774, Class Accuracy: 0.779099
[2025-07-23 18:14:30,195][__main__][INFO] - Epoch 441 (441/500):
[2025-07-23 18:20:25,666][__main__][INFO] - Train Instance Accuracy: 0.735626
[2025-07-23 18:21:41,055][__main__][INFO] - Test Instance Accuracy: 0.800000, Class Accuracy: 0.761206
[2025-07-23 18:21:41,055][__main__][INFO] - Best Instance Accuracy: 0.821774, Class Accuracy: 0.779099
[2025-07-23 18:21:41,055][__main__][INFO] - Epoch 442 (442/500):
[2025-07-23 18:27:45,513][__main__][INFO] - Train Instance Accuracy: 0.726292
[2025-07-23 18:28:57,929][__main__][INFO] - Test Instance Accuracy: 0.813306, Class Accuracy: 0.779009
[2025-07-23 18:28:57,929][__main__][INFO] - Best Instance Accuracy: 0.821774, Class Accuracy: 0.779099
[2025-07-23 18:28:57,929][__main__][INFO] - Epoch 443 (443/500):
[2025-07-23 18:34:53,104][__main__][INFO] - Train Instance Accuracy: 0.735390
[2025-07-23 18:36:08,114][__main__][INFO] - Test Instance Accuracy: 0.802823, Class Accuracy: 0.754951
[2025-07-23 18:36:08,114][__main__][INFO] - Best Instance Accuracy: 0.821774, Class Accuracy: 0.779099
[2025-07-23 18:36:08,114][__main__][INFO] - Epoch 444 (444/500):
[2025-07-23 18:42:15,956][__main__][INFO] - Train Instance Accuracy: 0.735795
[2025-07-23 18:43:31,320][__main__][INFO] - Test Instance Accuracy: 0.802016, Class Accuracy: 0.757789
[2025-07-23 18:43:31,321][__main__][INFO] - Best Instance Accuracy: 0.821774, Class Accuracy: 0.779099
[2025-07-23 18:43:31,321][__main__][INFO] - Epoch 445 (445/500):
[2025-07-23 18:49:27,553][__main__][INFO] - Train Instance Accuracy: 0.731636
[2025-07-23 18:50:39,967][__main__][INFO] - Test Instance Accuracy: 0.804032, Class Accuracy: 0.763044
[2025-07-23 18:50:39,967][__main__][INFO] - Best Instance Accuracy: 0.821774, Class Accuracy: 0.779099
[2025-07-23 18:50:39,967][__main__][INFO] - Epoch 446 (446/500):
[2025-07-23 18:56:39,388][__main__][INFO] - Train Instance Accuracy: 0.730519
[2025-07-23 18:57:55,630][__main__][INFO] - Test Instance Accuracy: 0.797177, Class Accuracy: 0.759452
[2025-07-23 18:57:55,630][__main__][INFO] - Best Instance Accuracy: 0.821774, Class Accuracy: 0.779099
[2025-07-23 18:57:55,630][__main__][INFO] - Epoch 447 (447/500):
[2025-07-23 19:03:50,655][__main__][INFO] - Train Instance Accuracy: 0.736979
[2025-07-23 19:05:02,628][__main__][INFO] - Test Instance Accuracy: 0.814919, Class Accuracy: 0.772058
[2025-07-23 19:05:02,628][__main__][INFO] - Best Instance Accuracy: 0.821774, Class Accuracy: 0.779099
[2025-07-23 19:05:02,628][__main__][INFO] - Epoch 448 (448/500):
[2025-07-23 19:10:53,110][__main__][INFO] - Train Instance Accuracy: 0.737182
[2025-07-23 19:12:08,309][__main__][INFO] - Test Instance Accuracy: 0.806048, Class Accuracy: 0.765077
[2025-07-23 19:12:08,309][__main__][INFO] - Best Instance Accuracy: 0.821774, Class Accuracy: 0.779099
[2025-07-23 19:12:08,309][__main__][INFO] - Epoch 449 (449/500):
[2025-07-23 19:18:05,296][__main__][INFO] - Train Instance Accuracy: 0.734341
[2025-07-23 19:19:20,599][__main__][INFO] - Test Instance Accuracy: 0.814516, Class Accuracy: 0.767056
[2025-07-23 19:19:20,599][__main__][INFO] - Best Instance Accuracy: 0.821774, Class Accuracy: 0.779099
[2025-07-23 19:19:20,599][__main__][INFO] - Epoch 450 (450/500):
[2025-07-23 19:25:23,031][__main__][INFO] - Train Instance Accuracy: 0.735423
[2025-07-23 19:26:35,445][__main__][INFO] - Test Instance Accuracy: 0.807258, Class Accuracy: 0.764480
[2025-07-23 19:26:35,446][__main__][INFO] - Best Instance Accuracy: 0.821774, Class Accuracy: 0.779099
[2025-07-23 19:26:35,446][__main__][INFO] - Epoch 451 (451/500):
[2025-07-23 19:32:30,049][__main__][INFO] - Train Instance Accuracy: 0.729843
[2025-07-23 19:33:44,690][__main__][INFO] - Test Instance Accuracy: 0.805645, Class Accuracy: 0.766150
[2025-07-23 19:33:44,690][__main__][INFO] - Best Instance Accuracy: 0.821774, Class Accuracy: 0.779099
[2025-07-23 19:33:44,690][__main__][INFO] - Epoch 452 (452/500):
[2025-07-23 19:39:47,168][__main__][INFO] - Train Instance Accuracy: 0.736303
[2025-07-23 19:40:59,035][__main__][INFO] - Test Instance Accuracy: 0.809274, Class Accuracy: 0.765501
[2025-07-23 19:40:59,035][__main__][INFO] - Best Instance Accuracy: 0.821774, Class Accuracy: 0.779099
[2025-07-23 19:40:59,036][__main__][INFO] - Epoch 453 (453/500):
[2025-07-23 19:46:53,287][__main__][INFO] - Train Instance Accuracy: 0.734375
[2025-07-23 19:48:07,748][__main__][INFO] - Test Instance Accuracy: 0.802823, Class Accuracy: 0.760747
[2025-07-23 19:48:07,748][__main__][INFO] - Best Instance Accuracy: 0.821774, Class Accuracy: 0.779099
[2025-07-23 19:48:07,748][__main__][INFO] - Epoch 454 (454/500):
[2025-07-23 19:54:10,320][__main__][INFO] - Train Instance Accuracy: 0.735423
[2025-07-23 19:55:24,048][__main__][INFO] - Test Instance Accuracy: 0.807661, Class Accuracy: 0.765871
[2025-07-23 19:55:24,048][__main__][INFO] - Best Instance Accuracy: 0.821774, Class Accuracy: 0.779099
[2025-07-23 19:55:24,048][__main__][INFO] - Epoch 455 (455/500):
[2025-07-23 20:01:18,731][__main__][INFO] - Train Instance Accuracy: 0.735965
[2025-07-23 20:02:31,207][__main__][INFO] - Test Instance Accuracy: 0.804839, Class Accuracy: 0.758654
[2025-07-23 20:02:31,207][__main__][INFO] - Best Instance Accuracy: 0.821774, Class Accuracy: 0.779099
[2025-07-23 20:02:31,207][__main__][INFO] - Epoch 456 (456/500):
[2025-07-23 20:08:25,212][__main__][INFO] - Train Instance Accuracy: 0.738028
[2025-07-23 20:09:39,879][__main__][INFO] - Test Instance Accuracy: 0.814113, Class Accuracy: 0.768120
[2025-07-23 20:09:39,879][__main__][INFO] - Best Instance Accuracy: 0.821774, Class Accuracy: 0.779099
[2025-07-23 20:09:39,879][__main__][INFO] - Epoch 457 (457/500):
[2025-07-23 20:15:29,094][__main__][INFO] - Train Instance Accuracy: 0.734984
[2025-07-23 20:16:40,266][__main__][INFO] - Test Instance Accuracy: 0.800806, Class Accuracy: 0.762581
[2025-07-23 20:16:40,267][__main__][INFO] - Best Instance Accuracy: 0.821774, Class Accuracy: 0.779099
[2025-07-23 20:16:40,267][__main__][INFO] - Epoch 458 (458/500):
[2025-07-23 20:22:32,185][__main__][INFO] - Train Instance Accuracy: 0.738264
[2025-07-23 20:23:45,739][__main__][INFO] - Test Instance Accuracy: 0.815726, Class Accuracy: 0.766783
[2025-07-23 20:23:45,739][__main__][INFO] - Best Instance Accuracy: 0.821774, Class Accuracy: 0.779099
[2025-07-23 20:23:45,739][__main__][INFO] - Epoch 459 (459/500):
[2025-07-23 20:29:33,623][__main__][INFO] - Train Instance Accuracy: 0.733394
[2025-07-23 20:30:45,933][__main__][INFO] - Test Instance Accuracy: 0.815323, Class Accuracy: 0.767159
[2025-07-23 20:30:45,933][__main__][INFO] - Best Instance Accuracy: 0.821774, Class Accuracy: 0.779099
[2025-07-23 20:30:45,933][__main__][INFO] - Epoch 460 (460/500):
[2025-07-23 20:36:37,964][__main__][INFO] - Train Instance Accuracy: 0.729539
[2025-07-23 20:37:53,078][__main__][INFO] - Test Instance Accuracy: 0.802823, Class Accuracy: 0.756101
[2025-07-23 20:37:53,078][__main__][INFO] - Best Instance Accuracy: 0.821774, Class Accuracy: 0.779099
[2025-07-23 20:37:53,078][__main__][INFO] - Epoch 461 (461/500):
[2025-07-23 20:43:52,660][__main__][INFO] - Train Instance Accuracy: 0.737757
[2025-07-23 20:45:05,184][__main__][INFO] - Test Instance Accuracy: 0.804435, Class Accuracy: 0.760812
[2025-07-23 20:45:05,185][__main__][INFO] - Best Instance Accuracy: 0.821774, Class Accuracy: 0.779099
[2025-07-23 20:45:05,185][__main__][INFO] - Epoch 462 (462/500):
[2025-07-23 20:51:01,256][__main__][INFO] - Train Instance Accuracy: 0.736032
[2025-07-23 20:52:15,172][__main__][INFO] - Test Instance Accuracy: 0.797581, Class Accuracy: 0.754909
[2025-07-23 20:52:15,172][__main__][INFO] - Best Instance Accuracy: 0.821774, Class Accuracy: 0.779099
[2025-07-23 20:52:15,172][__main__][INFO] - Epoch 463 (463/500):
[2025-07-23 20:58:20,682][__main__][INFO] - Train Instance Accuracy: 0.735390
[2025-07-23 20:59:34,399][__main__][INFO] - Test Instance Accuracy: 0.817742, Class Accuracy: 0.781773
[2025-07-23 20:59:34,399][__main__][INFO] - Best Instance Accuracy: 0.821774, Class Accuracy: 0.781773
[2025-07-23 20:59:34,399][__main__][INFO] - Epoch 464 (464/500):
[2025-07-23 21:05:41,443][__main__][INFO] - Train Instance Accuracy: 0.728761
[2025-07-23 21:06:56,777][__main__][INFO] - Test Instance Accuracy: 0.811290, Class Accuracy: 0.762151
[2025-07-23 21:06:56,778][__main__][INFO] - Best Instance Accuracy: 0.821774, Class Accuracy: 0.781773
[2025-07-23 21:06:56,778][__main__][INFO] - Epoch 465 (465/500):
[2025-07-23 21:12:50,848][__main__][INFO] - Train Instance Accuracy: 0.732785
[2025-07-23 21:14:05,390][__main__][INFO] - Test Instance Accuracy: 0.812500, Class Accuracy: 0.771290
[2025-07-23 21:14:05,390][__main__][INFO] - Best Instance Accuracy: 0.821774, Class Accuracy: 0.781773
[2025-07-23 21:14:05,390][__main__][INFO] - Epoch 466 (466/500):
[2025-07-23 21:20:00,444][__main__][INFO] - Train Instance Accuracy: 0.735525
[2025-07-23 21:21:13,209][__main__][INFO] - Test Instance Accuracy: 0.812500, Class Accuracy: 0.763969
[2025-07-23 21:21:13,209][__main__][INFO] - Best Instance Accuracy: 0.821774, Class Accuracy: 0.781773
[2025-07-23 21:21:13,209][__main__][INFO] - Epoch 467 (467/500):
[2025-07-23 21:27:07,373][__main__][INFO] - Train Instance Accuracy: 0.737588
[2025-07-23 21:28:21,063][__main__][INFO] - Test Instance Accuracy: 0.805242, Class Accuracy: 0.758410
[2025-07-23 21:28:21,063][__main__][INFO] - Best Instance Accuracy: 0.821774, Class Accuracy: 0.781773
[2025-07-23 21:28:21,063][__main__][INFO] - Epoch 468 (468/500):
[2025-07-23 21:34:11,821][__main__][INFO] - Train Instance Accuracy: 0.731669
[2025-07-23 21:35:26,085][__main__][INFO] - Test Instance Accuracy: 0.808065, Class Accuracy: 0.760639
[2025-07-23 21:35:26,085][__main__][INFO] - Best Instance Accuracy: 0.821774, Class Accuracy: 0.781773
[2025-07-23 21:35:26,085][__main__][INFO] - Epoch 469 (469/500):
[2025-07-23 21:41:23,353][__main__][INFO] - Train Instance Accuracy: 0.733022
[2025-07-23 21:42:42,689][__main__][INFO] - Test Instance Accuracy: 0.808065, Class Accuracy: 0.761134
[2025-07-23 21:42:42,689][__main__][INFO] - Best Instance Accuracy: 0.821774, Class Accuracy: 0.781773
[2025-07-23 21:42:42,689][__main__][INFO] - Epoch 470 (470/500):
[2025-07-23 21:48:43,907][__main__][INFO] - Train Instance Accuracy: 0.739211
[2025-07-23 21:49:59,825][__main__][INFO] - Test Instance Accuracy: 0.808065, Class Accuracy: 0.764286
[2025-07-23 21:49:59,826][__main__][INFO] - Best Instance Accuracy: 0.821774, Class Accuracy: 0.781773
[2025-07-23 21:49:59,826][__main__][INFO] - Epoch 471 (471/500):
[2025-07-23 21:55:51,161][__main__][INFO] - Train Instance Accuracy: 0.730892
[2025-07-23 21:57:10,319][__main__][INFO] - Test Instance Accuracy: 0.814919, Class Accuracy: 0.766978
[2025-07-23 21:57:10,319][__main__][INFO] - Best Instance Accuracy: 0.821774, Class Accuracy: 0.781773
[2025-07-23 21:57:10,320][__main__][INFO] - Epoch 472 (472/500):
[2025-07-23 22:03:05,760][__main__][INFO] - Train Instance Accuracy: 0.733834
[2025-07-23 22:04:17,103][__main__][INFO] - Test Instance Accuracy: 0.802419, Class Accuracy: 0.768926
[2025-07-23 22:04:17,103][__main__][INFO] - Best Instance Accuracy: 0.821774, Class Accuracy: 0.781773
[2025-07-23 22:04:17,104][__main__][INFO] - Epoch 473 (473/500):
[2025-07-23 22:10:12,450][__main__][INFO] - Train Instance Accuracy: 0.734341
[2025-07-23 22:11:26,585][__main__][INFO] - Test Instance Accuracy: 0.808065, Class Accuracy: 0.762095
[2025-07-23 22:11:26,586][__main__][INFO] - Best Instance Accuracy: 0.821774, Class Accuracy: 0.781773
[2025-07-23 22:11:26,586][__main__][INFO] - Epoch 474 (474/500):
[2025-07-23 22:17:22,534][__main__][INFO] - Train Instance Accuracy: 0.732785
[2025-07-23 22:18:33,840][__main__][INFO] - Test Instance Accuracy: 0.804435, Class Accuracy: 0.766033
[2025-07-23 22:18:33,840][__main__][INFO] - Best Instance Accuracy: 0.821774, Class Accuracy: 0.781773
[2025-07-23 22:18:33,840][__main__][INFO] - Epoch 475 (475/500):
[2025-07-23 22:24:28,248][__main__][INFO] - Train Instance Accuracy: 0.733191
[2025-07-23 22:25:42,873][__main__][INFO] - Test Instance Accuracy: 0.808065, Class Accuracy: 0.762500
[2025-07-23 22:25:42,873][__main__][INFO] - Best Instance Accuracy: 0.821774, Class Accuracy: 0.781773
[2025-07-23 22:25:42,874][__main__][INFO] - Epoch 476 (476/500):
[2025-07-23 22:31:42,916][__main__][INFO] - Train Instance Accuracy: 0.731906
[2025-07-23 22:33:01,701][__main__][INFO] - Test Instance Accuracy: 0.807258, Class Accuracy: 0.767603
[2025-07-23 22:33:01,701][__main__][INFO] - Best Instance Accuracy: 0.821774, Class Accuracy: 0.781773
[2025-07-23 22:33:01,702][__main__][INFO] - Epoch 477 (477/500):
[2025-07-23 22:38:55,067][__main__][INFO] - Train Instance Accuracy: 0.735356
[2025-07-23 22:40:09,510][__main__][INFO] - Test Instance Accuracy: 0.815323, Class Accuracy: 0.774743
[2025-07-23 22:40:09,511][__main__][INFO] - Best Instance Accuracy: 0.821774, Class Accuracy: 0.781773
[2025-07-23 22:40:09,511][__main__][INFO] - Epoch 478 (478/500):
[2025-07-23 22:46:10,200][__main__][INFO] - Train Instance Accuracy: 0.734646
[2025-07-23 22:47:23,838][__main__][INFO] - Test Instance Accuracy: 0.807661, Class Accuracy: 0.764953
[2025-07-23 22:47:23,838][__main__][INFO] - Best Instance Accuracy: 0.821774, Class Accuracy: 0.781773
[2025-07-23 22:47:23,838][__main__][INFO] - Epoch 479 (479/500):
[2025-07-23 22:53:21,214][__main__][INFO] - Train Instance Accuracy: 0.734274
[2025-07-23 22:54:35,824][__main__][INFO] - Test Instance Accuracy: 0.797581, Class Accuracy: 0.762000
[2025-07-23 22:54:35,824][__main__][INFO] - Best Instance Accuracy: 0.821774, Class Accuracy: 0.781773
[2025-07-23 22:54:35,824][__main__][INFO] - Epoch 480 (480/500):
[2025-07-23 23:00:33,473][__main__][INFO] - Train Instance Accuracy: 0.735897
[2025-07-23 23:01:49,320][__main__][INFO] - Test Instance Accuracy: 0.803629, Class Accuracy: 0.764164
[2025-07-23 23:01:49,320][__main__][INFO] - Best Instance Accuracy: 0.821774, Class Accuracy: 0.781773
[2025-07-23 23:01:49,320][__main__][INFO] - Epoch 481 (481/500):
[2025-07-23 23:07:56,298][__main__][INFO] - Train Instance Accuracy: 0.736472
[2025-07-23 23:09:09,474][__main__][INFO] - Test Instance Accuracy: 0.805645, Class Accuracy: 0.753035
[2025-07-23 23:09:09,474][__main__][INFO] - Best Instance Accuracy: 0.821774, Class Accuracy: 0.781773
[2025-07-23 23:09:09,474][__main__][INFO] - Epoch 482 (482/500):
[2025-07-23 23:15:08,394][__main__][INFO] - Train Instance Accuracy: 0.728998
[2025-07-23 23:16:24,863][__main__][INFO] - Test Instance Accuracy: 0.804032, Class Accuracy: 0.765442
[2025-07-23 23:16:24,863][__main__][INFO] - Best Instance Accuracy: 0.821774, Class Accuracy: 0.781773
[2025-07-23 23:16:24,863][__main__][INFO] - Epoch 483 (483/500):
[2025-07-23 23:22:48,018][__main__][INFO] - Train Instance Accuracy: 0.738501
[2025-07-23 23:24:07,553][__main__][INFO] - Test Instance Accuracy: 0.809677, Class Accuracy: 0.767895
[2025-07-23 23:24:07,553][__main__][INFO] - Best Instance Accuracy: 0.821774, Class Accuracy: 0.781773
[2025-07-23 23:24:07,553][__main__][INFO] - Epoch 484 (484/500):
[2025-07-23 23:30:28,325][__main__][INFO] - Train Instance Accuracy: 0.737960
[2025-07-23 23:31:49,819][__main__][INFO] - Test Instance Accuracy: 0.809677, Class Accuracy: 0.757934
[2025-07-23 23:31:49,820][__main__][INFO] - Best Instance Accuracy: 0.821774, Class Accuracy: 0.781773
[2025-07-23 23:31:49,820][__main__][INFO] - Epoch 485 (485/500):
[2025-07-23 23:38:15,542][__main__][INFO] - Train Instance Accuracy: 0.729742
[2025-07-23 23:39:35,966][__main__][INFO] - Test Instance Accuracy: 0.805242, Class Accuracy: 0.767414
[2025-07-23 23:39:35,966][__main__][INFO] - Best Instance Accuracy: 0.821774, Class Accuracy: 0.781773
[2025-07-23 23:39:35,966][__main__][INFO] - Epoch 486 (486/500):
[2025-07-23 23:46:17,482][__main__][INFO] - Train Instance Accuracy: 0.740699
[2025-07-23 23:47:42,092][__main__][INFO] - Test Instance Accuracy: 0.800403, Class Accuracy: 0.757773
[2025-07-23 23:47:42,092][__main__][INFO] - Best Instance Accuracy: 0.821774, Class Accuracy: 0.781773
[2025-07-23 23:47:42,092][__main__][INFO] - Epoch 487 (487/500):
[2025-07-23 23:54:29,297][__main__][INFO] - Train Instance Accuracy: 0.728693
[2025-07-23 23:55:52,200][__main__][INFO] - Test Instance Accuracy: 0.798387, Class Accuracy: 0.759826
[2025-07-23 23:55:52,200][__main__][INFO] - Best Instance Accuracy: 0.821774, Class Accuracy: 0.781773
[2025-07-23 23:55:52,200][__main__][INFO] - Epoch 488 (488/500):
[2025-07-24 00:02:16,149][__main__][INFO] - Train Instance Accuracy: 0.732549
[2025-07-24 00:03:40,362][__main__][INFO] - Test Instance Accuracy: 0.812097, Class Accuracy: 0.766684
[2025-07-24 00:03:40,362][__main__][INFO] - Best Instance Accuracy: 0.821774, Class Accuracy: 0.781773
[2025-07-24 00:03:40,362][__main__][INFO] - Epoch 489 (489/500):
[2025-07-24 00:10:05,169][__main__][INFO] - Train Instance Accuracy: 0.743709
[2025-07-24 00:11:25,243][__main__][INFO] - Test Instance Accuracy: 0.809274, Class Accuracy: 0.769305
[2025-07-24 00:11:25,244][__main__][INFO] - Best Instance Accuracy: 0.821774, Class Accuracy: 0.781773
[2025-07-24 00:11:25,244][__main__][INFO] - Epoch 490 (490/500):
[2025-07-24 00:17:41,073][__main__][INFO] - Train Instance Accuracy: 0.733732
[2025-07-24 00:19:01,911][__main__][INFO] - Test Instance Accuracy: 0.813306, Class Accuracy: 0.765957
[2025-07-24 00:19:01,911][__main__][INFO] - Best Instance Accuracy: 0.821774, Class Accuracy: 0.781773
[2025-07-24 00:19:01,911][__main__][INFO] - Epoch 491 (491/500):
[2025-07-24 00:25:17,490][__main__][INFO] - Train Instance Accuracy: 0.733394
[2025-07-24 00:26:36,551][__main__][INFO] - Test Instance Accuracy: 0.807661, Class Accuracy: 0.762536
[2025-07-24 00:26:36,551][__main__][INFO] - Best Instance Accuracy: 0.821774, Class Accuracy: 0.781773
[2025-07-24 00:26:36,552][__main__][INFO] - Epoch 492 (492/500):
[2025-07-24 00:32:55,707][__main__][INFO] - Train Instance Accuracy: 0.736337
[2025-07-24 00:34:16,414][__main__][INFO] - Test Instance Accuracy: 0.812500, Class Accuracy: 0.769508
[2025-07-24 00:34:16,414][__main__][INFO] - Best Instance Accuracy: 0.821774, Class Accuracy: 0.781773
[2025-07-24 00:34:16,414][__main__][INFO] - Epoch 493 (493/500):
[2025-07-24 00:40:40,719][__main__][INFO] - Train Instance Accuracy: 0.736032
[2025-07-24 00:42:05,846][__main__][INFO] - Test Instance Accuracy: 0.811694, Class Accuracy: 0.773816
[2025-07-24 00:42:05,847][__main__][INFO] - Best Instance Accuracy: 0.821774, Class Accuracy: 0.781773
[2025-07-24 00:42:05,847][__main__][INFO] - Epoch 494 (494/500):
[2025-07-24 00:48:21,522][__main__][INFO] - Train Instance Accuracy: 0.740699
[2025-07-24 00:49:43,066][__main__][INFO] - Test Instance Accuracy: 0.806048, Class Accuracy: 0.767168
[2025-07-24 00:49:43,066][__main__][INFO] - Best Instance Accuracy: 0.821774, Class Accuracy: 0.781773
[2025-07-24 00:49:43,066][__main__][INFO] - Epoch 495 (495/500):
[2025-07-24 00:56:02,034][__main__][INFO] - Train Instance Accuracy: 0.735998
[2025-07-24 00:57:22,491][__main__][INFO] - Test Instance Accuracy: 0.812500, Class Accuracy: 0.776145
[2025-07-24 00:57:22,491][__main__][INFO] - Best Instance Accuracy: 0.821774, Class Accuracy: 0.781773
[2025-07-24 00:57:22,492][__main__][INFO] - Epoch 496 (496/500):
[2025-07-24 01:03:41,680][__main__][INFO] - Train Instance Accuracy: 0.735559
[2025-07-24 01:05:02,855][__main__][INFO] - Test Instance Accuracy: 0.809677, Class Accuracy: 0.758619
[2025-07-24 01:05:02,855][__main__][INFO] - Best Instance Accuracy: 0.821774, Class Accuracy: 0.781773
[2025-07-24 01:05:02,855][__main__][INFO] - Epoch 497 (497/500):
[2025-07-24 01:11:15,382][__main__][INFO] - Train Instance Accuracy: 0.740091
[2025-07-24 01:12:34,857][__main__][INFO] - Test Instance Accuracy: 0.817339, Class Accuracy: 0.774694
[2025-07-24 01:12:34,858][__main__][INFO] - Best Instance Accuracy: 0.821774, Class Accuracy: 0.781773
[2025-07-24 01:12:34,858][__main__][INFO] - Epoch 498 (498/500):
[2025-07-24 01:18:50,853][__main__][INFO] - Train Instance Accuracy: 0.735221
[2025-07-24 01:20:10,820][__main__][INFO] - Test Instance Accuracy: 0.802419, Class Accuracy: 0.764558
[2025-07-24 01:20:10,820][__main__][INFO] - Best Instance Accuracy: 0.821774, Class Accuracy: 0.781773
[2025-07-24 01:20:10,821][__main__][INFO] - Epoch 499 (499/500):
[2025-07-24 01:26:26,095][__main__][INFO] - Train Instance Accuracy: 0.733834
[2025-07-24 01:27:45,696][__main__][INFO] - Test Instance Accuracy: 0.808871, Class Accuracy: 0.769268
[2025-07-24 01:27:45,696][__main__][INFO] - Best Instance Accuracy: 0.821774, Class Accuracy: 0.781773
[2025-07-24 01:27:45,696][__main__][INFO] - Epoch 500 (500/500):
[2025-07-24 01:34:02,278][__main__][INFO] - Train Instance Accuracy: 0.733969
[2025-07-24 01:35:21,284][__main__][INFO] - Test Instance Accuracy: 0.819758, Class Accuracy: 0.768293
[2025-07-24 01:35:21,284][__main__][INFO] - Best Instance Accuracy: 0.821774, Class Accuracy: 0.781773
[2025-07-24 01:35:21,628][__main__][INFO] - End of training...
